date,Sent_Count,favorites,Count,sentcount1day,favcount1day,econcount1day,job_change1day,growthgap1day,change1day
2016-01-26,0,500,11,11.0,563.0,4.0,273.0,-0.5,-0.013949780789159084
2016-01-27,6,337,8,0.0,500.0,11.0,273.0,-0.5,0.01962362886182941
2016-01-28,9,608,3,6.0,337.0,8.0,273.0,-0.5,-0.010107015457788308
2016-01-29,-3,157,3,9.0,608.0,3.0,273.0,-0.5,-0.005955334987592996
2016-02-01,-1,276,6,-3.0,157.0,3.0,273.0,-0.1,0.02836385350318465
2016-02-02,7,264,5,-1.0,276.0,6.0,273.0,-0.1,0.00350808809198986
2016-02-03,14,433,4,7.0,264.0,5.0,273.0,-0.1,-0.009420076538121809
2016-02-04,6,177,4,14.0,433.0,4.0,273.0,-0.1,-0.004819040125885219
2016-02-05,8,501,3,6.0,177.0,4.0,273.0,-0.1,0.007428684627575278
2016-02-08,-4,502,7,8.0,501.0,3.0,108.0,-0.1,-0.018271604938271548
2016-02-09,3,757,9,-4.0,502.0,7.0,108.0,-0.1,-0.0003045994517209985
2016-02-10,12,352,8,3.0,757.0,9.0,108.0,-0.1,0.0074035989717223544
2016-02-11,-4,259,10,12.0,352.0,8.0,108.0,-0.1,-0.007922803453529722
2016-02-12,16,381,6,-4.0,259.0,10.0,108.0,-0.1,0.005938737236924289
2016-02-16,-6,687,3,16.0,381.0,6.0,108.0,-0.1,0.008524186094279535
2016-02-17,11,356,4,-6.0,687.0,3.0,108.0,-0.1,0.00985915492957736
2016-02-18,11,313,6,11.0,356.0,4.0,108.0,-0.1,0.006040202000198034
2016-02-19,24,509,3,11.0,313.0,6.0,108.0,-0.1,-0.002949562481565207
2016-02-22,4,198,8,24.0,509.0,3.0,108.0,-0.1,0.007420599584446422
2016-02-23,2,138,4,4.0,198.0,8.0,108.0,-0.1,0.002432853250291942
2016-02-24,15,637,5,2.0,138.0,4.0,108.0,-0.1,-0.003115568104371465
2016-02-25,17,308,9,15.0,637.0,5.0,108.0,-0.1,0.019327482496795268
2016-02-26,4,536,8,17.0,308.0,9.0,108.0,-0.1,0.006658946149391986
2016-02-29,3,181,4,4.0,536.0,8.0,108.0,-0.4,-0.0006675567423230324
2016-03-01,16,336,6,3.0,181.0,4.0,108.0,-0.4,-0.002863688430698848
2016-03-02,28,755,4,16.0,336.0,6.0,108.0,-0.4,0.011789313557710542
2016-03-03,-6,451,13,28.0,755.0,4.0,108.0,-0.4,0.009877704609595458
2016-03-04,-2,511,7,-6.0,451.0,13.0,108.0,-0.4,0.010994130252492377
2016-03-07,1,380,8,-2.0,511.0,7.0,212.0,-0.4,0.005158437730287419
2016-03-08,-3,250,4,1.0,380.0,8.0,212.0,-0.4,0.015268579838116232
2016-03-09,6,589,6,-3.0,250.0,4.0,212.0,-0.4,-0.017569412835684958
2016-03-10,7,289,3,6.0,589.0,6.0,212.0,-0.4,0.001569134207125731
2016-03-11,8,218,1,7.0,289.0,3.0,212.0,-0.4,-0.010652952520892612
2016-03-14,-4,444,7,8.0,218.0,1.0,212.0,-0.4,0.012893718916927664
2016-03-15,15,355,7,-4.0,444.0,7.0,212.0,-0.4,-0.0022791503327559484
2016-03-16,-8,571,5,15.0,355.0,7.0,212.0,-0.4,-0.007440066133921211
2016-03-17,22,1058,10,-8.0,571.0,5.0,212.0,-0.4,0.0101301115241636
2016-03-18,0,387,8,22.0,1058.0,10.0,212.0,-0.4,0.018325812689934568
2016-03-21,15,242,5,0.0,387.0,8.0,212.0,-0.4,0.007489622811766942
2016-03-22,20,498,9,15.0,242.0,5.0,212.0,-0.4,-0.0010769092703940102
2016-03-23,12,947,6,20.0,498.0,9.0,212.0,-0.4,0.0032543843789549763
2016-03-24,-20,474,6,12.0,947.0,6.0,212.0,-0.4,-0.013415518491660531
2016-03-28,22,701,9,-20.0,474.0,6.0,212.0,-0.8,0.008219431104543781
2016-03-29,55,655,8,22.0,701.0,9.0,212.0,-0.8,-0.0015530787502282795
2016-03-30,-5,534,12,55.0,655.0,8.0,212.0,-0.8,0.030453127866446588
2016-03-31,-8,618,13,-5.0,534.0,12.0,212.0,-0.8,-0.003809355067328071
2016-04-01,53,697,20,-8.0,618.0,13.0,212.0,-0.8,-0.00017763566924247474
2016-04-04,23,728,8,53.0,697.0,20.0,237.0,-0.8,0.01110912022934953
2016-04-05,26,526,7,23.0,728.0,8.0,237.0,-0.8,-0.009494232475599
2016-04-06,21,505,5,26.0,526.0,7.0,237.0,-0.8,-0.004603719082866989
2016-04-07,19,662,8,21.0,505.0,5.0,237.0,-0.8,0.008431550317316471
2016-04-08,19,629,4,19.0,662.0,8.0,237.0,-0.8,-0.007509273500407114
2016-04-11,19,453,21,19.0,629.0,4.0,237.0,-0.8,-0.001990049751243771
2016-04-12,39,860,8,19.0,453.0,21.0,237.0,-0.8,-0.006768953068592058
2016-04-13,15,834,14,39.0,860.0,8.0,237.0,-0.8,0.009532455742169745
2016-04-14,8,440,7,15.0,834.0,14.0,237.0,-0.8,0.016189624329159234
2016-04-15,-1,433,4,8.0,440.0,7.0,237.0,-0.8,-0.0016734190593624444
2016-04-18,31,657,10,-1.0,433.0,4.0,237.0,-0.8,0.005931303116147324
2016-04-19,-22,593,8,31.0,657.0,10.0,237.0,-0.8,0.01086764446015188
2016-04-20,7,521,9,-22.0,593.0,8.0,237.0,-0.8,0.0011333914559720616
2016-04-21,4,574,9,7.0,521.0,9.0,237.0,-0.8,0.0011328976034857992
2016-04-22,11,549,5,4.0,574.0,9.0,237.0,-0.8,-0.007489984323288621
2016-04-25,8,637,6,11.0,549.0,5.0,237.0,-0.8,0.009731720147290894
2016-04-26,27,1063,7,8.0,637.0,6.0,237.0,-0.8,-0.0068701626228367
2016-04-27,15,487,6,27.0,1063.0,7.0,237.0,-0.8,0.009247142981767443
2016-04-28,5,1031,11,15.0,487.0,6.0,237.0,-0.8,0.004927811878620154
2016-04-29,4,566,10,5.0,1031.0,11.0,237.0,1.8,-0.009852216748768478
2016-05-02,20,825,4,4.0,566.0,10.0,237.0,1.8,-0.005586592178770954
2016-05-03,19,891,7,20.0,825.0,4.0,237.0,1.8,0.006039387308533897
2016-05-04,26,473,4,19.0,891.0,7.0,237.0,1.8,-0.00684270550048251
2016-05-05,32,472,11,26.0,473.0,4.0,237.0,1.8,8.877840909095451e-05
2016-05-06,16,772,6,32.0,472.0,11.0,237.0,1.8,-0.008938844145499522
2016-05-09,19,449,3,16.0,772.0,6.0,197.0,1.8,0.011743612729717636
2016-05-10,23,406,5,19.0,449.0,3.0,197.0,1.8,-0.00044290902648593466
2016-05-11,28,436,6,23.0,406.0,5.0,197.0,1.8,0.003792221536290613
2016-05-12,10,1007,12,28.0,436.0,6.0,197.0,1.8,-0.010129481194398007
2016-05-13,18,446,7,10.0,1007.0,12.0,197.0,1.8,-0.006386375731772209
2016-05-16,16,411,8,18.0,446.0,7.0,197.0,1.8,-0.00599391662193596
2016-05-17,23,1716,16,16.0,411.0,8.0,197.0,1.8,0.008436546401005184
2016-05-18,-8,420,11,23.0,1716.0,16.0,197.0,1.8,-0.014367303230412276
2016-05-19,-1,868,4,-8.0,420.0,11.0,197.0,1.8,0.009367042560931259
2016-05-20,18,713,4,-1.0,868.0,4.0,197.0,1.8,9.080177971492888e-05
2016-05-23,27,769,4,18.0,713.0,4.0,197.0,1.8,0.011482820976491956
2016-05-24,-9,487,11,27.0,769.0,4.0,197.0,1.8,-0.004551539491298447
2016-05-25,2,482,8,-9.0,487.0,11.0,197.0,1.8,0.01568627450980384
2016-05-26,32,401,6,2.0,482.0,8.0,197.0,1.8,0.0017487103261343766
2016-05-27,-6,1087,9,32.0,401.0,6.0,197.0,1.8,-0.0020045319853581123
2016-05-31,14,800,11,-6.0,1087.0,9.0,197.0,1.5,0.009612863759503577
2016-06-01,30,910,7,14.0,800.0,11.0,197.0,1.5,-8.638562543197232e-05
2016-06-02,-7,740,6,30.0,910.0,7.0,197.0,1.5,0.009699489044773574
2016-06-03,2,540,1,-7.0,740.0,6.0,197.0,1.5,0.007737276478679555
2016-06-06,2,456,10,2.0,540.0,1.0,41.0,1.5,-0.0035903573260386533
2016-06-07,78,654,9,2.0,456.0,10.0,41.0,1.5,0.009591504667294722
2016-06-08,17,492,8,78.0,654.0,9.0,41.0,1.5,0.0024580437362264115
2016-06-09,0,469,13,17.0,492.0,8.0,41.0,1.5,0.007683215130023613
2016-06-10,8,275,4,0.0,469.0,13.0,41.0,1.5,-0.001765596098873329
2016-06-13,26,297,5,8.0,275.0,4.0,41.0,1.5,-0.003740860397891496
2016-06-14,-1,786,5,26.0,297.0,5.0,41.0,1.5,-0.007537473233404672
2016-06-15,11,402,5,-1.0,786.0,5.0,41.0,1.5,0.001992031872509995
2016-06-16,3,529,7,11.0,402.0,5.0,41.0,1.5,-0.0037891836031691156
2016-06-17,4,481,5,3.0,529.0,7.0,41.0,1.5,0.005129988696634981
2016-06-20,-2,1325,8,4.0,481.0,5.0,41.0,1.5,-0.0038019528212217897
2016-06-21,24,2709,16,-2.0,1325.0,8.0,41.0,1.5,-0.0008561643835615952
2016-06-22,25,584,11,24.0,2709.0,16.0,41.0,1.5,-0.002062032820689018
2016-06-23,6,812,3,25.0,584.0,11.0,41.0,1.5,-0.006017364394395279
2016-06-24,-32,1805,9,6.0,812.0,3.0,41.0,1.5,0.010015408320493082
2016-06-27,4,1293,11,-32.0,1805.0,9.0,41.0,1.5,0.0005291005291004239
2016-06-28,18,1624,18,4.0,1293.0,11.0,41.0,1.5,-0.019702237674957726
2016-06-29,14,1524,13,18.0,1624.0,18.0,41.0,1.2,0.004960317460317563
2016-06-30,12,1040,14,14.0,1524.0,13.0,41.0,1.2,0.010217681030653094
2016-07-01,14,772,4,12.0,1040.0,14.0,41.0,1.2,0.018403295066164182
2016-07-05,1,481,10,14.0,772.0,4.0,41.0,1.2,0.0015490533562822087
2016-07-06,3,710,5,1.0,481.0,10.0,41.0,1.2,-0.010515428374418195
2016-07-07,36,780,13,3.0,710.0,5.0,41.0,1.2,0.010934219734079776
2016-07-08,-16,1140,14,36.0,780.0,13.0,41.0,1.2,-0.0009497496114660633
2016-07-11,12,1035,6,-16.0,1140.0,14.0,258.0,1.2,0.014030284883223549
2016-07-12,36,805,11,12.0,1035.0,6.0,258.0,1.2,0.0054521053514511465
2016-07-13,12,773,9,36.0,805.0,11.0,258.0,1.2,0.007296849087893944
2016-07-14,35,1480,15,12.0,773.0,9.0,258.0,1.2,-0.00500615510874025
2016-07-15,-13,335,7,35.0,1480.0,15.0,258.0,1.2,-0.006227466404457597
2016-07-18,7,2096,11,-13.0,335.0,7.0,258.0,1.2,-0.0024612355402411773
2016-07-19,71,967,10,7.0,2096.0,11.0,258.0,1.2,0.001234567901234615
2016-07-20,49,752,10,71.0,967.0,10.0,258.0,1.2,-0.004446640316205468
2016-07-21,25,1890,6,49.0,752.0,10.0,258.0,1.2,0.004292554069671422
2016-07-22,42,766,8,25.0,1890.0,6.0,258.0,1.2,-0.005429864253393636
2016-07-25,5,557,13,42.0,766.0,8.0,258.0,1.2,0.006695875010333159
2016-07-26,9,570,10,5.0,557.0,13.0,258.0,1.2,-0.0011527377521613881
2016-07-27,47,1149,11,9.0,570.0,10.0,258.0,1.2,0.005522129728838718
2016-07-28,26,805,13,47.0,1149.0,11.0,258.0,1.2,8.175277959454803e-05
2016-07-29,20,814,6,26.0,805.0,13.0,258.0,1.2,-0.0022928267278087217
2016-08-01,-1,343,4,20.0,814.0,6.0,258.0,0.1,0.0012309207287051179
2016-08-02,26,1054,15,-1.0,343.0,4.0,258.0,0.1,-0.0001637733377007061
2016-08-03,-6,1175,6,26.0,1054.0,15.0,258.0,0.1,-0.014501065049975387
2016-08-04,11,903,3,-6.0,1175.0,6.0,258.0,0.1,0.007330889703432151
2016-08-05,6,462,2,11.0,903.0,3.0,258.0,0.1,8.269246671620693e-05
2016-08-08,17,458,4,6.0,462.0,2.0,371.0,0.1,0.0076429980276133515
2016-08-09,27,493,6,17.0,458.0,4.0,371.0,0.1,-0.0017934295263715566
2016-08-10,18,663,7,27.0,493.0,6.0,371.0,0.1,8.164598301756127e-05
2016-08-11,18,657,5,18.0,663.0,7.0,371.0,0.1,-0.006525285481239781
2016-08-12,17,847,7,18.0,657.0,5.0,371.0,0.1,0.000572269457161604
2016-08-15,18,624,12,17.0,847.0,7.0,371.0,0.1,0.0009827204979117562
2016-08-16,76,906,10,18.0,624.0,12.0,371.0,0.1,0.007181914633151027
2016-08-17,22,839,9,76.0,906.0,10.0,371.0,0.1,-0.004872107186358169
2016-08-18,18,552,11,22.0,839.0,9.0,371.0,0.1,-0.0016346546791989266
2016-08-19,31,1173,6,18.0,552.0,11.0,371.0,0.1,0.005969416959685908
2016-08-22,19,2477,6,31.0,1173.0,6.0,371.0,0.1,0.0006509357200976263
2016-08-23,7,1280,7,19.0,2477.0,6.0,371.0,0.1,0.004643584521384873
2016-08-24,26,2017,22,7.0,1280.0,7.0,371.0,0.1,0.003232062055591398
2016-08-25,-4,1097,5,26.0,2017.0,22.0,371.0,0.1,-0.004351680232089664
2016-08-26,-1,1259,12,-4.0,1097.0,5.0,371.0,0.1,0.006007956482909757
2016-08-29,22,887,5,-1.0,1259.0,12.0,371.0,0.2,-0.003871279941930719
2016-08-30,0,812,12,22.0,887.0,5.0,371.0,0.2,0.004121878283358853
2016-08-31,-30,1233,2,0.0,812.0,12.0,371.0,0.2,0.0008048289738430126
2016-09-01,-7,1102,18,-30.0,1233.0,2.0,371.0,0.2,-0.003463552154651686
2016-09-02,22,1757,6,-7.0,1102.0,18.0,371.0,0.2,-0.00032302349995955783
2016-09-06,21,744,4,22.0,1757.0,6.0,143.0,0.2,0.006103927395389855
2016-09-07,-4,1329,7,21.0,744.0,4.0,143.0,0.2,-0.00374591535825296
2016-09-08,9,885,8,-4.0,1329.0,7.0,143.0,0.2,0.006240998559769572
2016-09-09,11,1535,15,9.0,885.0,8.0,143.0,0.2,-0.003658342611738458
2016-09-12,-9,1863,11,11.0,1535.0,15.0,143.0,0.2,-0.02313253012048189
2016-09-13,14,750,6,-9.0,1863.0,11.0,143.0,0.2,0.014853936293117653
2016-09-14,-5,798,11,14.0,750.0,6.0,143.0,0.2,-0.011288343558282172
2016-09-15,22,2020,16,-5.0,798.0,11.0,143.0,0.2,-0.004461335095836139
2016-09-16,32,620,14,22.0,2020.0,16.0,143.0,0.2,0.011949215832710958
2016-09-19,4,730,1,32.0,620.0,14.0,143.0,0.2,0.0015632713509955384
2016-09-20,37,4170,13,4.0,730.0,1.0,143.0,0.2,0.00245459008345604
2016-09-21,23,1460,11,37.0,4170.0,13.0,143.0,0.2,-0.007159127888057236
2016-09-22,0,798,4,23.0,1460.0,11.0,143.0,0.2,0.011674422401828777
2016-09-23,13,1284,10,0.0,798.0,4.0,143.0,0.2,0.00818094321462942
2016-09-26,10,989,7,13.0,1284.0,10.0,143.0,0.2,-0.005099195283244367
2016-09-27,51,3680,20,10.0,989.0,7.0,143.0,0.2,-0.0062161943973521455
2016-09-28,8,711,2,51.0,3680.0,20.0,143.0,0.2,0.002520940066682949
2016-09-29,6,727,6,8.0,711.0,2.0,143.0,0.2,0.007532804147092231
2016-09-30,23,1407,6,6.0,727.0,6.0,143.0,-0.1,-0.01214216789964623
2016-10-03,-12,996,2,23.0,1407.0,6.0,143.0,-0.1,0.005181766658570161
2016-10-04,45,1401,9,-12.0,996.0,2.0,143.0,-0.1,0.00032312787785759785
2016-10-05,-3,1338,5,45.0,1401.0,9.0,143.0,-0.1,-0.005403225806451627
2016-10-06,5,1221,5,-3.0,1338.0,5.0,143.0,-0.1,0.002829883570504482
2016-10-07,35,673,12,5.0,1221.0,5.0,143.0,-0.1,0.001131221719457018
2016-10-10,-14,361,7,35.0,673.0,12.0,289.0,-0.1,-0.009271202837794305
2016-10-11,-19,386,6,-14.0,361.0,7.0,289.0,-0.1,0.005583879582423015
2016-10-12,8,1149,3,-19.0,386.0,6.0,289.0,-0.1,-0.014513788098693737
2016-10-13,20,1497,9,8.0,1149.0,3.0,289.0,-0.1,0.0006539153179663095
2016-10-14,7,448,2,20.0,1497.0,9.0,289.0,-0.1,-0.003043263694686664
2016-10-18,-4,420,5,7.0,448.0,2.0,289.0,-0.1,-0.005593945376768729
2016-10-19,3,484,7,-4.0,420.0,5.0,289.0,-0.1,-0.005993923967485048
2016-10-20,-19,792,9,3.0,484.0,7.0,289.0,-0.1,0.002226253298153001
2016-10-21,3,590,13,-19.0,792.0,9.0,289.0,-0.1,-0.002312711654414693
2016-10-24,15,898,5,3.0,590.0,13.0,289.0,-0.1,0.003833652804400433
2016-10-25,-9,1451,7,15.0,898.0,5.0,289.0,-0.1,0.0016492125010307813
2016-10-26,3,591,4,-9.0,1451.0,7.0,289.0,-0.1,-0.008976364983941392
2016-10-27,4,902,7,3.0,591.0,4.0,289.0,-0.1,-0.0030879652812551357
2016-10-28,2,1345,11,4.0,902.0,7.0,289.0,-0.1,-0.01294147115304331
2016-11-01,-5,473,7,2.0,1345.0,11.0,289.0,-0.7,-0.0015231003553901404
2016-11-02,10,1158,8,-5.0,473.0,7.0,289.0,-0.7,-0.0153936742934051
2016-11-03,17,655,13,10.0,1158.0,8.0,289.0,-0.7,-0.008299110198494173
2016-11-04,-12,502,3,17.0,655.0,13.0,289.0,-0.7,-0.006276330496088074
2016-11-07,5,744,1,-12.0,502.0,3.0,118.0,-0.7,0.0017251789873198365
2016-11-08,14,948,8,5.0,744.0,1.0,118.0,-0.7,0.0040513166779202366
2016-11-09,19,3053,10,14.0,948.0,8.0,118.0,-0.7,0.00497260851243143
2016-11-10,-22,704,5,19.0,3053.0,10.0,118.0,-0.7,0.03580756592804785
2016-11-11,12,438,5,-22.0,704.0,5.0,118.0,-0.7,0.0111398127219891
2016-11-14,18,1221,9,12.0,438.0,5.0,118.0,-0.7,0.0191269841269841
2016-11-15,24,5465,8,18.0,1221.0,9.0,118.0,-0.7,0.004313997380787322
2016-11-16,17,1171,5,24.0,5465.0,8.0,118.0,-0.7,0.00515107249942351
2016-11-17,22,2084,15,17.0,1171.0,5.0,118.0,-0.7,-0.0011454753722793226
2016-11-18,31,1598,7,22.0,2084.0,15.0,118.0,-0.7,0.0012189547463050175
2016-11-21,-3,1269,2,31.0,1598.0,7.0,118.0,-0.7,0.0031147914609131397
2016-11-22,21,621,13,-3.0,1269.0,2.0,118.0,-0.7,0.0005283018867924012
2016-11-23,16,864,8,21.0,621.0,13.0,118.0,-0.7,0.007881107858590494
2016-11-25,5,535,5,16.0,864.0,8.0,118.0,-0.7,0.007006559332140711
2016-11-28,10,467,4,5.0,535.0,5.0,118.0,-0.7,0.00251237715214642
2016-11-29,10,546,10,10.0,467.0,4.0,118.0,-0.7,-0.010993064777925192
2016-11-30,-4,558,1,10.0,546.0,10.0,118.0,-1.0,-0.000894654439722691
2016-12-01,-8,826,13,-4.0,558.0,1.0,118.0,-1.0,-0.00949484459609822
2016-12-02,-3,500,1,-8.0,826.0,13.0,118.0,-1.0,-0.006789524733268645
2016-12-05,0,1579,1,-3.0,500.0,1.0,130.0,-1.0,7.51145496882063e-05
2016-12-06,16,1930,6,0.0,1579.0,1.0,130.0,-1.0,0.008563556482239972
2016-12-16,-19,746,12,16.0,1930.0,6.0,130.0,-1.0,0.008689888798880675
2016-12-19,8,481,1,-19.0,746.0,12.0,130.0,-1.0,-0.007455731593662774
2016-12-20,11,588,1,8.0,481.0,1.0,130.0,-1.0,0.003170485660758018
2016-12-21,-4,713,10,11.0,588.0,1.0,130.0,-1.0,0.005433228481555554
2016-12-22,-3,385,9,-4.0,713.0,10.0,130.0,-1.0,-0.005638426950253518
2016-12-23,15,411,7,-3.0,385.0,9.0,130.0,-1.3,-0.010402467895831758
2016-12-27,4,181,4,15.0,411.0,7.0,130.0,-1.3,0.003040613914428552
2016-12-28,5,730,2,4.0,181.0,4.0,130.0,-1.3,0.00410603659415065
2016-12-29,-5,1063,1,5.0,730.0,2.0,130.0,-1.3,-0.013180515759312346
2016-12-30,10,477,3,-5.0,1063.0,1.0,130.0,-1.3,0.0
2017-01-04,4,1465,2,10.0,477.0,3.0,130.0,-1.3,-0.00635838150289014
2017-01-05,3,1268,3,4.0,1465.0,2.0,130.0,-1.3,0.0128223598905057
2017-01-06,31,720,9,3.0,1268.0,3.0,130.0,-1.3,-0.012330719885958791
2017-01-09,16,551,18,31.0,720.0,9.0,214.0,-1.3,-0.007990785400619
2017-01-10,3,696,10,16.0,551.0,18.0,214.0,-1.3,-0.006400465488399122
2017-01-11,6,3245,14,3.0,696.0,10.0,214.0,-1.3,0.007234198027036969
2017-01-12,28,2252,8,6.0,3245.0,14.0,214.0,-1.3,0.0026100195751467057
2017-01-13,-10,671,22,28.0,2252.0,8.0,214.0,-1.3,-0.009842947094159265
2017-01-17,-11,1018,13,-10.0,671.0,22.0,214.0,-1.3,0.005325357455500362
2017-01-18,10,430,11,-11.0,1018.0,13.0,214.0,-1.3,-0.009105477855477856
2017-01-19,5,1976,42,10.0,430.0,11.0,214.0,-1.3,0.0019810697776800217
2017-01-20,9,459,3,5.0,1976.0,42.0,214.0,-1.3,-0.009519625073227971
2017-01-23,13,796,2,9.0,459.0,3.0,214.0,-1.3,0.00324771183938587
2017-01-24,7,406,1,13.0,796.0,2.0,214.0,-1.3,-0.001621462264150935
2017-01-25,5,1669,11,7.0,406.0,1.0,214.0,-1.3,0.011778563015312087
2017-01-26,13,13436,9,5.0,1669.0,11.0,214.0,-1.3,0.0034657039711190603
2017-01-27,16,11001,32,13.0,13436.0,9.0,214.0,-1.3,-0.006611095142282176
2017-01-30,9,1350,5,16.0,11001.0,32.0,214.0,0.6,-0.00592143269786246
2017-01-31,0,43414,10,9.0,1350.0,5.0,214.0,0.6,-0.006438396254023964
2017-02-01,8,3016,5,0.0,43414.0,10.0,214.0,0.6,0.009003690036900361
2017-02-02,-5,989,8,8.0,3016.0,5.0,214.0,0.6,-0.00957215373459023
2017-02-03,10,1664,5,-5.0,989.0,8.0,214.0,0.6,-0.0064336891358385394
2017-02-06,6,1747,5,10.0,1664.0,5.0,197.0,0.6,0.007148067104303561
2017-02-07,52,3696,10,6.0,1747.0,5.0,197.0,0.6,-0.006680220737728634
2017-02-08,70,1403,9,52.0,3696.0,10.0,197.0,0.6,-0.005253173792499626
2017-02-09,-7,885,5,70.0,1403.0,9.0,197.0,0.6,0.001618837380426776
2017-02-10,32,1272,2,-7.0,885.0,5.0,197.0,0.6,0.015120375807398724
2017-02-13,-10,768,13,32.0,1272.0,2.0,197.0,0.6,0.002877283844051052
2017-02-14,14,675,8,-10.0,768.0,13.0,197.0,0.6,-0.0032810271041368013
2017-02-15,-1,2361,3,14.0,675.0,8.0,197.0,0.6,0.005167216879575132
2017-02-16,8,902,5,-1.0,2361.0,3.0,197.0,0.6,0.009169054441260751
2017-02-17,8,990,5,8.0,902.0,5.0,197.0,0.6,-0.0005686664771112633
2017-02-21,42,5923,17,8.0,990.0,5.0,197.0,0.6,0.0007127583749108647
2017-02-22,14,1096,3,42.0,5923.0,17.0,197.0,0.6,0.006109690252912857
2017-02-23,16,1376,16,14.0,1096.0,3.0,197.0,0.6,-0.001980198019801988
2017-02-24,29,1029,9,16.0,1376.0,16.0,197.0,0.6,-0.009472642443093477
2017-02-27,19,2049,12,29.0,1029.0,9.0,197.0,0.6,0.00791480788602693
2017-02-28,15,2852,9,19.0,2049.0,12.0,197.0,0.6,0.008572653236176718
2017-03-01,6,1474,19,15.0,2852.0,9.0,197.0,0.6,-0.012791358726549256
2017-03-02,39,1638,13,6.0,1474.0,19.0,197.0,0.6,0.008123129542539449
2017-03-03,27,1746,9,39.0,1638.0,13.0,197.0,0.6,-0.01032531824611038
2017-03-06,4,746,1,27.0,1746.0,9.0,197.0,0.6,-0.003000857387825207
2017-03-07,0,1092,20,4.0,746.0,1.0,197.0,0.6,-0.0010092272202997864
2017-03-08,-7,905,6,0.0,1092.0,20.0,197.0,0.6,-0.005349139800491608
2017-03-09,10,708,7,-7.0,905.0,6.0,197.0,0.6,-0.008989415687980347
2017-03-10,13,814,5,10.0,708.0,7.0,197.0,0.6,-0.005123700775874813
2017-03-13,40,1054,17,13.0,814.0,5.0,183.0,0.6,-0.0029197080291971213
2017-03-14,12,1746,6,40.0,1054.0,17.0,183.0,0.6,0.004692770200909332
2017-03-15,-11,1354,21,12.0,1746.0,6.0,183.0,0.6,-0.0001466275659824797
2017-03-16,50,678,10,-11.0,1354.0,21.0,183.0,0.6,0.011093271055320257
2017-03-17,25,597,3,50.0,678.0,10.0,183.0,0.6,-0.0011514104778353235
2017-03-20,17,702,15,25.0,597.0,3.0,183.0,0.6,0.005329876116393036
2017-03-21,-52,849,41,17.0,702.0,15.0,183.0,0.6,-0.0058722429103408285
2017-03-22,1,1121,6,-52.0,849.0,41.0,183.0,0.6,-0.031809714858862484
2017-03-23,4,1849,5,1.0,1121.0,6.0,183.0,0.6,0.00029655990510077135
2017-03-24,28,568,2,4.0,1849.0,5.0,183.0,0.6,0.005330964015992885
2017-03-27,9,1067,3,28.0,568.0,2.0,183.0,0.6,-0.003387833259684843
2017-03-28,17,1311,16,9.0,1067.0,3.0,183.0,0.6,0.011348364939525237
2017-03-29,12,1550,2,17.0,1311.0,16.0,183.0,0.6,0.012157153446997674
2017-03-30,10,1383,21,12.0,1550.0,2.0,183.0,0.6,0.004991924827485001
2017-04-03,-5,750,5,10.0,1383.0,21.0,183.0,0.4,0.0072960747118050485
2017-04-04,26,1898,5,-5.0,750.0,5.0,183.0,0.4,-0.02105263157894728
2017-04-05,28,1588,6,26.0,1898.0,5.0,183.0,0.4,0.0007364854912357807
2017-04-06,37,837,12,28.0,1588.0,6.0,183.0,0.4,-0.01668129938542582
2017-04-07,-5,1101,6,37.0,837.0,12.0,183.0,0.4,0.008322187546440601
2017-04-10,-13,517,3,-5.0,1101.0,6.0,139.0,0.4,0.0026603606266628267
2017-04-11,-12,3570,5,-13.0,517.0,3.0,139.0,0.4,0.0026521290702813108
2017-04-12,53,1125,12,-12.0,3570.0,5.0,139.0,0.4,0.012678755712811431
2017-04-13,-4,873,3,53.0,1125.0,12.0,139.0,0.4,-0.012545587162654987
2017-04-17,15,696,4,-4.0,873.0,3.0,139.0,0.4,-0.009769094138543466
2017-04-18,14,1398,3,15.0,696.0,4.0,139.0,0.4,0.008947211452430574
2017-04-19,-1,917,3,14.0,1398.0,3.0,139.0,0.4,0.004151838671411642
2017-04-20,2,2228,5,-1.0,917.0,3.0,139.0,0.4,0.0019126085037515887
2017-04-21,2,518,1,2.0,2228.0,5.0,139.0,0.4,0.009209179944452708
2017-04-24,5,569,3,2.0,518.0,1.0,139.0,0.4,-0.0014501160092806602
2017-04-25,27,610,13,5.0,569.0,3.0,139.0,0.4,-0.0014322543683757422
2017-04-26,14,533,8,27.0,610.0,13.0,139.0,0.4,0.0008537279453614437
2017-04-27,17,1145,6,14.0,533.0,8.0,139.0,0.4,0.007112375533428166
2017-04-28,3,650,4,17.0,1145.0,6.0,139.0,0.4,-0.0019754480033864897
2017-05-01,16,1052,4,3.0,650.0,4.0,139.0,1.6,-0.014822134387351738
2017-05-02,11,2458,5,16.0,1052.0,4.0,139.0,1.6,0.0008559201141227142
2017-05-03,-2,589,22,11.0,2458.0,5.0,139.0,1.6,-0.005409252669039081
2017-05-04,0,2375,2,-2.0,589.0,22.0,139.0,1.6,-0.002442177848010368
2017-05-05,12,955,2,0.0,2375.0,2.0,139.0,1.6,-0.004305396096441035
2017-05-08,-13,398,9,12.0,955.0,2.0,220.0,1.6,0.0010054582016660897
2017-05-09,8,1067,8,-13.0,398.0,9.0,220.0,1.6,-0.0021554821094985728
2017-05-10,15,1876,5,8.0,1067.0,8.0,220.0,1.6,-0.0005749604714674723
2017-05-11,35,399,6,15.0,1876.0,5.0,220.0,1.6,0.007493875198155296
2017-05-12,5,564,4,35.0,399.0,6.0,220.0,1.6,-0.0031604654503663105
2017-05-15,23,734,1,5.0,564.0,4.0,220.0,1.6,-0.004050925925925942
2017-05-16,22,1041,5,23.0,734.0,1.0,220.0,1.6,0.003767024050999785
2017-05-17,22,1488,4,22.0,1041.0,5.0,220.0,1.6,-0.0020167098818784294
2017-05-18,21,680,7,22.0,1488.0,4.0,220.0,1.6,-0.009967751392553395
2017-05-19,-6,1596,29,21.0,680.0,7.0,220.0,1.6,0.004455004455004413
2017-05-22,4,653,4,-6.0,1596.0,29.0,220.0,1.6,0.003100088573959373
2017-05-23,16,726,8,4.0,653.0,4.0,220.0,1.6,0.005431591309453762
2017-05-24,12,972,3,16.0,726.0,8.0,220.0,1.6,0.00029112081513822446
2017-05-25,42,1283,2,12.0,972.0,3.0,220.0,1.6,-0.001018033740546937
2017-05-26,-2,578,3,42.0,1283.0,2.0,220.0,1.6,-0.0026102088167052296
2017-05-31,-5,1679,5,-2.0,578.0,3.0,220.0,1.1,0.0011646527878875865
2017-06-01,32,617,3,-5.0,1679.0,5.0,220.0,1.1,-0.003063904289466121
2017-06-02,10,603,3,32.0,617.0,3.0,220.0,1.1,0.017713365539452405
2017-06-05,12,826,3,10.0,603.0,3.0,141.0,1.1,0.004161882893226062
2017-06-06,-43,827,23,12.0,826.0,3.0,141.0,1.1,-0.006432246998284572
2017-06-07,5,553,2,-43.0,827.0,23.0,141.0,1.1,0.0039051200462828467
2017-06-08,11,941,5,5.0,553.0,2.0,141.0,1.1,0.0007197351374693704
2017-06-09,-7,2122,9,11.0,941.0,5.0,141.0,1.1,0.01381294964028768
2017-06-12,37,595,2,-7.0,2122.0,9.0,141.0,1.1,0.005235602094240902
2017-06-13,-2,2718,7,37.0,595.0,2.0,141.0,1.1,-0.002251935256861317
2017-06-14,3,1043,8,-2.0,2718.0,7.0,141.0,1.1,0.000983698707138946
2017-06-15,-14,1287,5,3.0,1043.0,8.0,141.0,1.1,-0.006037629879247299
2017-06-16,20,14026,4,-14.0,1287.0,5.0,141.0,1.1,0.004992867332382433
2017-06-19,4,793,4,20.0,14026.0,4.0,141.0,1.1,-0.002988047808765053
2017-06-20,21,3345,4,4.0,793.0,4.0,141.0,1.1,0.0008531210009953402
2017-06-21,13,1201,5,21.0,3345.0,4.0,141.0,1.1,-0.010387023335230562
2017-06-22,26,1024,7,13.0,1201.0,5.0,141.0,1.1,-0.006885669200975325
2017-06-23,-13,988,6,26.0,1024.0,7.0,141.0,1.1,0.003466204506065989
2017-06-26,30,874,7,-13.0,988.0,6.0,141.0,1.1,0.006319115323854628
2017-06-27,18,1230,2,30.0,874.0,7.0,141.0,1.1,-0.0011383039271485244
2017-06-28,3,1792,6,18.0,1230.0,2.0,141.0,1.1,-0.0077131838308813925
2017-06-29,-14,3413,8,3.0,1792.0,6.0,141.0,1.1,0.011028358636493991
2017-06-30,11,1716,4,-14.0,3413.0,8.0,141.0,0.9,-0.008760774339409218
2017-07-03,6,1089,1,11.0,1716.0,4.0,141.0,0.9,-0.0015665052691540794
2017-07-05,1,750,5,6.0,1089.0,1.0,141.0,0.9,0.004542228530872864
2017-07-06,-9,1318,3,1.0,750.0,5.0,141.0,0.9,-0.004105322763306996
2017-07-07,14,750,5,-9.0,1318.0,3.0,141.0,0.9,-0.005874767158618868
2017-07-10,7,669,8,14.0,750.0,5.0,211.0,0.9,0.008631851532153564
2017-07-11,-7,576,4,7.0,669.0,8.0,211.0,0.9,-0.0020048689674924897
2017-07-12,18,1066,6,-7.0,576.0,4.0,211.0,0.9,0.0022958817620892034
2017-07-13,29,2233,16,18.0,1066.0,6.0,211.0,0.9,0.003135689851767373
2017-07-14,40,737,10,29.0,2233.0,16.0,211.0,0.9,0.0024154589371980922
2017-07-17,10,543,6,40.0,737.0,10.0,211.0,0.9,0.004402158477705229
2017-07-18,1,2081,6,10.0,543.0,6.0,211.0,0.9,0.002544889014562316
2017-07-20,14,1045,5,1.0,2081.0,6.0,211.0,0.9,-0.00028284542497519484
2017-07-21,24,584,6,14.0,1045.0,5.0,211.0,0.9,0.0004191700433142537
2017-07-24,21,1044,5,24.0,584.0,6.0,211.0,0.9,-0.00419287211740038
2017-07-25,31,1914,8,21.0,1044.0,5.0,211.0,0.9,0.00028074115665370904
2017-07-26,49,1173,10,31.0,1914.0,8.0,211.0,0.9,0.004468649629940057
2017-07-27,34,2158,8,49.0,1173.0,10.0,211.0,0.9,-0.006674082313681925
2017-07-28,18,2745,5,34.0,2158.0,8.0,211.0,0.9,-0.005871662239619764
2017-07-31,-7,895,4,18.0,2745.0,5.0,211.0,-0.9,0.0012692144972500836
2017-08-01,11,949,4,-7.0,895.0,4.0,211.0,-0.9,-0.004498805004920473
2017-08-02,13,2059,7,11.0,949.0,4.0,211.0,-0.9,-0.002387975839303297
2017-08-03,48,1699,5,13.0,2059.0,7.0,211.0,-0.9,-0.0119802677942214
2017-08-04,17,1046,5,48.0,1699.0,5.0,211.0,-0.9,-0.0052684038160330975
2017-08-07,12,519,3,17.0,1046.0,5.0,228.0,-0.9,0.0027162258756254143
2017-08-08,5,1072,2,12.0,519.0,3.0,228.0,-0.9,-0.0019940179461615235
2017-08-09,2,739,6,5.0,1072.0,2.0,228.0,-0.9,-0.002711574140145537
2017-08-10,-11,2200,3,2.0,739.0,6.0,228.0,-0.9,-0.003165012228456321
2017-08-11,22,1026,13,-11.0,2200.0,3.0,228.0,-0.9,-0.011447616287494656
2017-08-14,22,1147,6,22.0,1026.0,13.0,228.0,-0.9,0.0
2017-08-15,10,936,2,22.0,1147.0,6.0,228.0,-0.9,0.007570243121269414
2017-08-16,27,796,4,10.0,936.0,2.0,228.0,-0.9,-0.012108980827447071
2017-08-17,1,4360,4,27.0,796.0,4.0,228.0,-0.9,-0.0008736167734420831
2017-08-18,-9,546,3,1.0,4360.0,4.0,228.0,-0.9,-0.014931927975406175
2017-08-21,16,592,1,-9.0,546.0,3.0,228.0,-0.9,0.0017897091722595753
2017-08-22,12,1559,4,16.0,592.0,1.0,228.0,-0.9,0.0005966587112170651
2017-08-23,37,641,1,12.0,1559.0,4.0,228.0,-0.9,0.00594088816278042
2017-08-24,-1,708,11,37.0,641.0,1.0,228.0,-0.9,0.002374239501409654
2017-08-25,12,539,3,-1.0,708.0,11.0,228.0,-0.9,-0.002948113207547212
2017-08-28,-2,643,3,12.0,539.0,3.0,228.0,-0.9,0.0014734050390451494
2017-08-29,-5,737,1,-2.0,643.0,3.0,228.0,-0.9,-0.001027749229187978
2017-08-30,6,572,3,-5.0,737.0,1.0,228.0,-0.9,0.006064191687620124
2017-08-31,24,465,2,6.0,572.0,3.0,228.0,-1.3,0.0061782877316858146
2017-09-01,23,761,4,24.0,465.0,2.0,228.0,-1.3,0.007144940215806283
2017-09-05,8,3767,5,23.0,761.0,4.0,190.0,-1.3,0.005347593582887765
2017-09-06,-3,524,6,8.0,3767.0,5.0,190.0,-1.3,-0.01020848310567928
2017-09-07,2,975,1,-3.0,524.0,6.0,190.0,-1.3,-0.0013017066820943507
2017-09-08,10,725,1,2.0,975.0,1.0,190.0,-1.3,-0.004050339939244918
2017-09-11,20,1016,2,10.0,725.0,1.0,190.0,-1.3,0.00363901018922853
2017-09-12,2,725,2,20.0,1016.0,2.0,190.0,-1.3,0.003311258278145753
2017-09-13,-23,702,11,2.0,725.0,2.0,190.0,-1.3,0.004723057106054075
2017-09-14,11,881,21,-23.0,702.0,11.0,190.0,-1.3,0.004707560627674929
2017-09-15,11,2122,9,11.0,881.0,21.0,190.0,-1.3,0.0002841716396705063
2017-09-18,14,1001,3,11.0,2122.0,9.0,190.0,-1.3,0.006541524459613311
2017-09-19,6,1260,5,14.0,1001.0,3.0,190.0,-1.3,0.0064898419864560936
2017-09-20,1,1162,6,6.0,1260.0,5.0,190.0,-1.3,-0.0030808010082621325
2017-09-21,-15,884,5,1.0,1162.0,6.0,190.0,-1.3,0.0021037868162693645
2017-09-22,41,607,4,-15.0,884.0,5.0,190.0,-1.3,-0.0009782001117944015
2017-09-25,7,787,2,41.0,607.0,4.0,190.0,-1.3,0.006575265808617779
2017-09-26,-9,1529,6,7.0,787.0,2.0,190.0,-1.3,0.00431394377957142
2017-09-27,6,1186,24,-9.0,1529.0,6.0,190.0,-1.3,0.0033300957402526586
2017-09-28,21,2761,18,6.0,1186.0,24.0,190.0,-1.3,0.01513275553721294
2017-09-29,15,774,4,21.0,2761.0,18.0,190.0,-1.4,0.004752851711026539
2017-10-02,17,1261,6,15.0,774.0,4.0,190.0,-1.4,0.0021604104779907717
2017-10-03,6,4502,2,17.0,1261.0,6.0,190.0,-1.4,0.01210816628548373
2017-10-04,-8,834,5,6.0,4502.0,2.0,190.0,-1.4,0.0010621348911313401
2017-10-05,6,924,5,-8.0,834.0,5.0,190.0,-1.4,-0.003715992037159936
2017-10-06,-24,868,31,6.0,924.0,5.0,190.0,-1.4,-0.0009296148738378908
2017-10-09,12,836,8,-24.0,868.0,31.0,42.0,-1.4,0.0009329601492735328
2017-10-10,13,2488,6,12.0,836.0,8.0,42.0,-1.4,-0.0050578996406228606
2017-10-11,-14,1972,3,13.0,2488.0,6.0,42.0,-1.4,-0.0010665244634048565
2017-10-12,11,1858,5,-14.0,1972.0,3.0,42.0,-1.4,-0.0018704074816299344
2017-10-13,17,1199,4,11.0,1858.0,5.0,42.0,-1.4,0.000536336819522744
2017-10-16,-3,1380,32,17.0,1199.0,4.0,42.0,-1.4,-0.0024073826400961965
2017-10-17,17,1084,4,-3.0,1380.0,32.0,42.0,-1.4,-0.00294550810014726
2017-10-19,22,1164,3,17.0,1084.0,4.0,42.0,-1.4,-0.0018809619776971726
2017-10-20,17,1782,2,22.0,1164.0,3.0,42.0,-1.4,0.003901520247544817
2017-10-23,4,1010,5,17.0,1782.0,2.0,42.0,-1.4,-0.0019965393318247234
2017-10-24,7,2110,4,4.0,1010.0,5.0,42.0,-1.4,-0.005995203836930493
2017-10-25,-7,1398,7,7.0,2110.0,4.0,42.0,-1.4,-0.0001336362421489391
2017-10-26,-7,1699,5,-7.0,1398.0,7.0,42.0,-1.4,-0.0036144578313252475
2017-10-27,15,3347,6,-7.0,1699.0,5.0,42.0,-1.4,0.0014731485201553425
2017-10-30,1,524,3,15.0,3347.0,6.0,42.0,-0.1,0.005214600882470926
2017-10-31,29,1555,5,1.0,524.0,3.0,42.0,-0.1,-0.010017363429945235
2017-11-01,26,4192,5,29.0,1555.0,5.0,42.0,-0.1,0.006588678230469206
2017-11-02,2,2244,9,26.0,4192.0,5.0,42.0,-0.1,-0.013274923669188905
2017-11-03,20,898,10,2.0,2244.0,9.0,42.0,-0.1,0.002019658004577968
2017-11-06,15,683,3,20.0,898.0,10.0,249.0,-0.1,-0.004175084175084207
2017-11-07,22,965,4,15.0,683.0,3.0,249.0,-0.1,0.0018929150892374332
2017-11-08,16,902,3,22.0,965.0,4.0,249.0,-0.1,-0.011196546607311458
2017-11-09,10,877,8,16.0,902.0,3.0,249.0,-0.1,0.006424275560415514
2017-11-13,8,907,2,10.0,877.0,8.0,249.0,-0.1,0.002736352442194593
2017-11-14,6,1087,8,8.0,907.0,2.0,249.0,-0.1,0.005335887262279389
2017-11-15,-10,1260,6,6.0,1087.0,8.0,249.0,-0.1,0.003414834039065702
2017-11-16,3,1184,3,-10.0,1260.0,6.0,249.0,-0.1,0.0013706140350878365
2017-11-17,13,1289,7,3.0,1184.0,3.0,249.0,-0.1,0.012673753066230677
2017-11-20,9,1026,6,13.0,1289.0,7.0,249.0,-0.1,0.007424406047516161
2017-11-21,13,1018,1,9.0,1026.0,6.0,249.0,-0.1,0.00575096964023013
2017-11-22,23,1331,9,13.0,1018.0,1.0,249.0,-0.1,0.009536423841059587
2017-11-24,2,404,3,23.0,1331.0,9.0,249.0,-0.1,-0.003537272369972436
2017-11-27,10,947,1,2.0,404.0,3.0,249.0,-0.1,-0.0019669551534225766
2017-11-29,16,2255,2,10.0,947.0,1.0,249.0,-0.1,-0.0072093328090183685
2017-11-30,-2,1221,1,16.0,2255.0,2.0,249.0,-0.4,0.0027170397205329767
2017-12-01,-4,1939,1,-2.0,1221.0,1.0,249.0,-0.4,-0.0061570035915852975
2017-12-04,4,1524,3,-4.0,1939.0,1.0,249.0,-0.4,-0.005166623611469978
2017-12-05,9,2852,4,4.0,1524.0,3.0,249.0,-0.4,-0.012051282051282022
2017-12-06,3,442,6,9.0,2852.0,4.0,249.0,-0.4,-0.012689369416030093
2017-12-07,2,1209,5,3.0,442.0,6.0,249.0,-0.4,-0.003020354563361838
2017-12-08,8,725,4,2.0,1209.0,5.0,249.0,-0.4,0.004740584672109553
2017-12-12,6,1290,10,8.0,725.0,4.0,196.0,-0.4,-0.0050887265135699435
2017-12-13,-13,351,3,6.0,1290.0,10.0,196.0,-0.4,-0.004461942257217892
2017-12-14,4,347,1,-13.0,351.0,3.0,196.0,-0.4,0.005672074924152389
2017-12-19,13,1174,3,4.0,347.0,1.0,196.0,-0.4,-0.012835625409299145
2017-12-20,21,2494,1,13.0,1174.0,3.0,196.0,-0.4,-0.011458735676580413
2017-12-21,36,10449,10,21.0,2494.0,1.0,196.0,-0.4,-0.0042701863354037035
2017-12-22,15,1817,2,36.0,10449.0,10.0,196.0,-0.3,0.002075226977950853
2017-12-26,24,1038,3,15.0,1817.0,2.0,196.0,-0.3,-0.002330398757120567
2017-12-27,13,473,2,24.0,1038.0,3.0,196.0,-0.3,0.0011682242990652802
2017-12-28,5,468,4,13.0,473.0,2.0,196.0,-0.3,-0.0015552099533435765
2017-12-29,0,1022,1,5.0,468.0,4.0,196.0,-0.3,0.002462415759460832
2018-01-02,29,1860,4,0.0,1022.0,1.0,196.0,-0.3,-0.009925238463521476
2018-01-03,17,987,4,29.0,1860.0,4.0,196.0,-0.3,0.00259100919808269
2018-01-04,-3,910,5,17.0,987.0,4.0,196.0,-0.3,-0.0014206379956091134
2018-01-05,30,666,7,-3.0,910.0,5.0,196.0,-0.3,-0.0027013120658604807
2018-01-08,9,908,4,30.0,666.0,7.0,179.0,-0.3,0.0014147909967845585
2018-01-09,-13,700,3,9.0,908.0,4.0,179.0,-0.3,0.0028292181069958697
2018-01-10,11,1124,5,-13.0,700.0,3.0,179.0,-0.3,-0.001921844971172216
2018-01-11,26,1170,3,11.0,1124.0,5.0,179.0,-0.3,0.00038590172369438054
2018-01-12,30,1040,7,26.0,1170.0,3.0,179.0,-0.3,0.01577529819161221
2018-01-16,4,1310,2,30.0,1040.0,7.0,179.0,-0.3,0.0022675736961452106
2018-01-17,20,904,1,4.0,1310.0,2.0,179.0,-0.3,-0.01414267834793504
2018-01-19,-11,930,3,20.0,904.0,1.0,179.0,-0.3,0.005942597041345288
2018-01-22,3,3468,10,-11.0,930.0,3.0,179.0,-0.3,0.014573564820681862
2018-01-23,18,724,5,3.0,3468.0,10.0,179.0,-0.3,0.0037518759379691273
2018-01-24,32,1324,8,18.0,724.0,5.0,179.0,-0.3,0.001745635910224446
2018-01-25,7,1552,4,32.0,1324.0,8.0,179.0,-0.3,-0.009671419714817123
2018-01-26,21,1179,3,7.0,1552.0,4.0,179.0,-0.3,-0.0023667164922770018
2018-01-29,9,3194,6,21.0,1179.0,3.0,179.0,1.3,-0.0003731807438736303
2018-01-30,23,3199,4,9.0,3194.0,6.0,179.0,1.3,-0.003491707195410913
2018-01-31,42,2799,15,23.0,3199.0,4.0,179.0,1.3,-0.002268431001890266
2018-02-01,26,3444,11,42.0,2799.0,15.0,179.0,1.3,-0.007061790668348073
2018-02-02,-13,5592,7,26.0,3444.0,11.0,179.0,1.3,0.007389476366416083
2018-02-05,-14,14476,17,-13.0,5592.0,7.0,81.0,1.3,-0.013994910941475756
2018-02-06,3,5648,20,-14.0,14476.0,17.0,81.0,1.3,-0.03122966818477543
2018-02-07,24,2866,4,3.0,5648.0,20.0,81.0,1.3,0.029078498293515293
2018-02-08,-56,6039,15,24.0,2866.0,4.0,81.0,1.3,0.0009289980092900784
2018-02-09,-13,4121,15,-56.0,6039.0,15.0,81.0,1.3,-0.027575235317513092
2018-02-12,1,3200,2,-13.0,4121.0,15.0,81.0,1.3,0.0017565193892716585
2018-02-13,18,1448,11,1.0,3200.0,2.0,81.0,1.3,0.008894878706199415
2018-02-14,25,2157,3,18.0,1448.0,11.0,81.0,1.3,0.005773361976369395
2018-02-15,23,2025,11,25.0,2157.0,3.0,81.0,1.3,0.024026845637583977
2018-02-16,6,1871,8,23.0,2025.0,11.0,81.0,1.3,0.0026021337496747697
2018-02-20,1,1630,2,6.0,1871.0,8.0,81.0,1.3,0.005068884845334035
2018-02-21,6,3204,3,1.0,1630.0,2.0,81.0,1.3,-0.00441558441558446
2018-02-22,18,1899,4,6.0,3204.0,3.0,81.0,1.3,-0.0005203590477430238
2018-02-23,-5,1428,3,18.0,1899.0,4.0,81.0,1.3,-0.005054432348367037
2018-02-26,28,6529,5,-5.0,1428.0,3.0,81.0,1.3,0.0064716541548019675
2018-02-27,5,1163,7,28.0,6529.0,5.0,81.0,1.3,0.0037179487179487976
2018-02-28,20,1563,2,5.0,1163.0,7.0,81.0,1.3,-0.014812922998339887
2018-03-01,12,2501,6,20.0,1563.0,2.0,81.0,1.4,-0.01992753623188414
2018-03-02,-20,2927,14,12.0,2501.0,6.0,81.0,1.4,-0.002776308831306105
2018-03-05,14,2989,8,-20.0,2927.0,14.0,81.0,1.4,0.02404167223186853
2018-03-06,8,1709,7,14.0,2989.0,8.0,81.0,1.4,0.01152586771447295
2018-03-07,0,2143,5,8.0,1709.0,7.0,81.0,1.4,0.007865892972275943
2018-03-08,36,1046,13,0.0,2143.0,5.0,81.0,1.4,0.014169779724333488
2018-03-09,1,2947,7,36.0,1046.0,13.0,81.0,1.4,-0.0035492457852706444
2018-03-12,2,5983,2,1.0,2947.0,7.0,378.0,1.4,0.00999746899519117
2018-03-13,0,1955,3,2.0,5983.0,2.0,378.0,1.4,0.00162540635158784
2018-03-14,14,1568,2,0.0,1955.0,3.0,378.0,1.4,-0.008074534161490754
2018-03-15,-5,5033,5,14.0,1568.0,2.0,378.0,1.4,-0.009596211365902245
2018-03-16,-10,1554,8,-5.0,5033.0,5.0,378.0,1.4,-0.006404621373853961
2018-03-19,-10,2400,1,-10.0,1554.0,8.0,378.0,1.4,0.0075843761850587065
2018-03-20,-1,2447,3,-10.0,2400.0,1.0,378.0,1.4,-0.006538413177417277
2018-03-21,-10,3126,18,-1.0,2447.0,3.0,378.0,1.4,-0.001769240490332372
2018-03-22,-20,2582,10,-10.0,3126.0,18.0,378.0,1.4,0.004558693174623267
2018-03-23,-12,3210,9,-20.0,2582.0,10.0,378.0,1.4,-0.013248407643312182
2018-03-26,15,1845,3,-12.0,3210.0,9.0,378.0,1.4,-0.02319886583322589
2018-03-27,2,3207,8,15.0,1845.0,3.0,378.0,1.4,0.00950892275628506
2018-03-28,9,3893,7,2.0,3207.0,8.0,378.0,1.4,-0.01955990220048895
2018-03-29,4,9496,16,9.0,3893.0,7.0,378.0,1.0,-0.0006549646319098396
2018-04-02,-22,2787,7,4.0,9496.0,16.0,378.0,1.0,0.004565614401252394
2018-04-03,16,3444,14,-22.0,2787.0,7.0,378.0,1.0,-0.021583669223768
2018-04-04,27,2318,9,16.0,3444.0,14.0,378.0,1.0,0.009116131589377695
2018-04-05,-1,1226,14,27.0,2318.0,9.0,378.0,1.0,0.0234219928543074
2018-04-06,5,3491,9,-1.0,1226.0,14.0,378.0,1.0,0.005401929260450183
2018-04-09,10,6779,6,5.0,3491.0,9.0,195.0,1.0,-0.01222493887530548
2018-04-10,5,3696,8,10.0,6779.0,6.0,195.0,1.0,-0.008033169214822552
2018-04-11,10,2185,4,5.0,3696.0,8.0,195.0,1.0,0.008011370978162612
2018-04-12,2,1260,9,10.0,2185.0,4.0,195.0,1.0,0.004886831275720106
2018-04-13,-9,906,6,2.0,1260.0,9.0,195.0,1.0,-0.00012732365673548654
2018-04-16,-19,1290,4,-9.0,906.0,6.0,195.0,1.0,-0.006601498032245729
2018-04-17,-3,2614,4,-19.0,1290.0,4.0,195.0,1.0,0.0052089950451024115
2018-04-18,45,2249,3,-3.0,2614.0,4.0,195.0,1.0,0.004148855921548885
2018-04-19,-5,1116,4,45.0,2249.0,3.0,195.0,1.0,0.0009990009990009775
2018-04-20,-1,1396,4,-5.0,1116.0,4.0,195.0,1.0,-0.005626406601650448
2018-04-23,17,1641,4,-1.0,1396.0,4.0,195.0,1.0,-0.0029007441039223605
2018-04-24,1,2215,8,17.0,1641.0,4.0,195.0,1.0,-0.002398384246402395
2018-04-25,33,3033,10,1.0,2215.0,8.0,195.0,1.0,-0.00593959307468721
2018-04-26,13,2450,4,33.0,3033.0,10.0,195.0,1.0,-0.000636294222448424
2018-04-27,4,1660,6,13.0,2450.0,4.0,195.0,1.0,0.0016528925619834134
2018-04-30,-1,1630,5,4.0,1660.0,6.0,195.0,1.5,-0.0038061405734584773
2018-05-01,12,2522,5,-1.0,1630.0,5.0,195.0,1.5,-0.011558491045344984
2018-05-02,20,2727,10,12.0,2522.0,5.0,195.0,1.5,0.005014787193005022
2018-05-03,-4,2156,10,20.0,2727.0,10.0,195.0,1.5,0.0032010243277848915
2018-05-04,15,1776,12,-4.0,2156.0,10.0,195.0,1.5,-0.003200204813108039
2018-05-07,-2,2437,14,15.0,1776.0,12.0,153.0,1.5,0.016898864809081558
2018-05-08,41,1387,12,-2.0,2437.0,14.0,153.0,1.5,0.005315110098709211
2018-05-09,24,1757,3,41.0,1387.0,12.0,153.0,1.5,0.008940939428283692
2018-05-10,52,1505,14,24.0,1757.0,3.0,153.0,1.5,0.004112662013958104
2018-05-11,36,1750,6,52.0,1505.0,14.0,153.0,1.5,0.0043397396156229905
2018-05-14,31,958,9,36.0,1750.0,6.0,153.0,1.5,0.0011105626850936474
2018-05-15,18,1405,9,31.0,958.0,9.0,153.0,1.5,-0.006029285099052479
2018-05-16,19,1298,9,18.0,1405.0,9.0,153.0,1.5,0.003975155279503021
2018-05-17,32,1805,6,19.0,1298.0,9.0,153.0,1.5,0.010128458498023808
2018-05-18,26,1737,7,32.0,1805.0,6.0,153.0,1.5,0.004026845637583871
2018-05-21,10,2478,9,26.0,1737.0,7.0,153.0,1.5,0.0
2018-05-22,23,5579,17,10.0,2478.0,9.0,153.0,1.5,0.006045218232378189
2018-05-23,37,839,9,23.0,5579.0,17.0,153.0,1.5,-0.010312987168725259
2018-05-24,-25,1582,11,37.0,839.0,9.0,153.0,1.5,0.004010695187165755
2018-05-25,35,2186,11,-25.0,1582.0,11.0,153.0,1.5,0.0008478682170541808
2018-05-29,44,1052,10,35.0,2186.0,11.0,153.0,1.5,0.0006063545961679769
2018-05-30,-8,1299,13,44.0,1052.0,10.0,153.0,1.5,0.005602923264311912
2018-05-31,-8,2446,10,-8.0,1299.0,13.0,153.0,1.6,0.009647853352629005
2018-06-01,17,1587,9,-8.0,2446.0,10.0,153.0,1.6,-0.010038240917782066
2018-06-04,6,2294,11,17.0,1587.0,9.0,270.0,1.6,0.0
2018-06-05,25,1038,6,6.0,2294.0,11.0,270.0,1.6,0.007643616386002634
2018-06-06,22,3963,7,25.0,1038.0,6.0,270.0,1.6,0.0074688796680499065
2018-06-07,43,2195,6,22.0,3963.0,7.0,270.0,1.6,0.006236027767972717
2018-06-08,4,19939,10,43.0,2195.0,6.0,270.0,1.6,-0.004323945307934911
2018-06-11,39,2079,7,4.0,19939.0,10.0,270.0,1.6,0.0034069548872179512
2018-06-12,20,1753,7,39.0,2079.0,7.0,270.0,1.6,0.002223262344956845
2018-06-13,5,3778,12,20.0,1753.0,7.0,270.0,1.6,0.00035001750087505697
2018-06-14,42,2481,15,5.0,3778.0,12.0,270.0,1.6,-0.006874854346306097
2018-06-15,55,3080,15,42.0,2481.0,15.0,270.0,1.6,0.0004679457182965845
2018-06-18,7,4243,13,55.0,3080.0,15.0,270.0,1.6,0.0034013605442175933
2018-06-19,12,3380,18,7.0,4243.0,13.0,270.0,1.6,0.009976525821596176
2018-06-20,58,3453,18,12.0,3380.0,18.0,270.0,1.6,0.00526192703461182
2018-06-21,3,2974,19,58.0,3453.0,18.0,270.0,1.6,0.0038234271810913953
2018-06-22,-19,1657,9,3.0,2974.0,19.0,270.0,1.6,-0.009354428917888928
2018-06-25,-19,2466,14,-19.0,1657.0,9.0,270.0,1.6,-0.0052198120867647455
2018-06-26,5,1486,12,-19.0,2466.0,14.0,270.0,1.6,-0.013207106124357123
2018-06-27,12,3309,12,5.0,1486.0,12.0,270.0,1.6,0.004864159449519475
2018-06-28,41,1693,16,12.0,3309.0,12.0,270.0,1.6,-0.016024508071167662
2018-06-29,-6,1611,4,41.0,1693.0,16.0,270.0,1.8,0.003595828838547251
2018-07-02,25,1903,9,-6.0,1611.0,4.0,270.0,1.8,-0.006546839661945142
2018-07-03,-6,1807,6,25.0,1903.0,9.0,270.0,1.8,0.015045739046701975
2018-07-05,74,1859,5,-6.0,1807.0,6.0,270.0,1.8,-0.0028308563340409872
2018-07-06,0,2964,8,74.0,1859.0,5.0,270.0,1.8,0.006469066102093592
2018-07-09,1,2090,11,0.0,2964.0,8.0,214.0,1.8,0.007242990654205661
2018-07-10,48,1253,24,1.0,2090.0,11.0,214.0,1.8,0.0023078698361412744
2018-07-11,46,1988,14,48.0,1253.0,24.0,214.0,1.8,-0.006550218340611275
2018-07-12,19,2086,6,46.0,1988.0,14.0,214.0,1.8,-0.003718768158047568
2018-07-13,23,1450,8,19.0,2086.0,6.0,214.0,1.8,-0.0030165912518852643
2018-07-16,-20,1635,2,23.0,1450.0,8.0,214.0,1.8,-0.001744186046511694
2018-07-17,61,3591,14,-20.0,1635.0,2.0,214.0,1.8,-0.005579449029408393
2018-07-18,7,1540,3,61.0,3591.0,14.0,214.0,1.8,0.005376344086021432
2018-07-19,49,1657,11,7.0,1540.0,3.0,214.0,1.8,0.003718768158047733
2018-07-20,47,2773,19,49.0,1657.0,11.0,214.0,1.8,0.007407407407407414
2018-07-23,20,2026,10,47.0,2773.0,19.0,214.0,1.8,-0.0031038050350614558
2018-07-24,9,1741,9,20.0,2026.0,10.0,214.0,1.8,0.0015008081274531914
2018-07-25,91,4459,13,9.0,1741.0,9.0,214.0,1.8,-0.013657752783197495
2018-07-26,8,4651,19,91.0,4459.0,13.0,214.0,1.8,0.0018613308515589907
2018-07-27,-7,3930,13,8.0,4651.0,19.0,214.0,1.8,0.008691621277088885
2018-07-30,20,2887,26,-7.0,3930.0,13.0,214.0,-1.4,-0.018809496501892425
2018-07-31,25,3106,7,20.0,2887.0,26.0,214.0,-1.4,-0.004442366144493917
2018-08-01,26,2329,11,25.0,3106.0,7.0,214.0,-1.4,0.009253836242239568
2018-08-02,-4,2149,16,26.0,2329.0,11.0,214.0,-1.4,0.00034843205574914215
2018-08-03,41,1333,10,-4.0,2149.0,16.0,214.0,-1.4,0.0129400792725577
2018-08-06,29,1808,11,41.0,1333.0,10.0,149.0,-1.4,-0.004368318197493913
2018-08-07,49,3195,18,29.0,1808.0,11.0,149.0,-1.4,0.00681371982907961
2018-08-08,38,4139,24,49.0,3195.0,18.0,149.0,-1.4,-0.0013718989367783759
2018-08-09,18,3885,14,38.0,4139.0,24.0,149.0,-1.4,-0.0008011903399337002
2018-08-10,43,1094,21,18.0,3885.0,14.0,149.0,-1.4,0.0013748854262145339
2018-08-13,6,1408,8,43.0,1094.0,21.0,149.0,-1.4,0.003682393555811199
2018-08-14,7,2926,18,6.0,1408.0,8.0,149.0,-1.4,-0.005611543747136911
2018-08-15,28,2637,17,7.0,2926.0,18.0,149.0,-1.4,0.010454963235294077
2018-08-16,13,2653,13,28.0,2637.0,17.0,149.0,-1.4,-0.008101323596531193
2018-08-17,15,1889,24,13.0,2653.0,13.0,149.0,-1.4,0.0035497538073972546
2018-08-20,50,1248,16,15.0,1889.0,24.0,149.0,-1.4,0.006620248830042213
2018-08-21,19,1051,4,50.0,1248.0,16.0,149.0,-1.4,0.00101809954751119
2018-08-22,38,1434,14,19.0,1051.0,4.0,149.0,-1.4,0.009470124013528787
2018-08-23,41,1560,11,38.0,1434.0,14.0,149.0,-1.4,0.0024581005586592052
2018-08-24,43,1654,4,41.0,1560.0,11.0,149.0,-1.4,-0.003120472528697216
2018-08-27,75,1947,9,43.0,1654.0,4.0,149.0,-1.4,0.0011152001784319652
2018-08-28,58,5621,8,75.0,1947.0,9.0,149.0,-1.4,-0.0027753108348134987
2018-08-29,43,1602,7,58.0,5621.0,8.0,149.0,-1.4,-0.002886002886002943
2018-08-30,33,2578,16,43.0,1602.0,7.0,149.0,-1.5,0.0005557408024896872
2018-08-31,23,1730,11,33.0,2578.0,16.0,149.0,-1.5,-0.0008901746967842248
2018-09-04,10,1732,4,23.0,1730.0,11.0,149.0,-1.5,0.0069126992975806064
2018-09-05,32,4649,16,10.0,1732.0,4.0,149.0,-1.5,-0.0032143648858345385
2018-09-06,-4,6823,24,32.0,4649.0,16.0,149.0,-1.5,0.0
2018-09-07,31,1626,20,-4.0,6823.0,24.0,149.0,-1.5,-0.00933229641150987
2018-09-10,0,1739,11,31.0,1626.0,20.0,229.0,-1.5,-0.001010554682236733
2018-09-11,38,1914,12,0.0,1739.0,11.0,229.0,-1.5,-0.00346833743566796
2018-09-12,55,2684,25,38.0,1914.0,12.0,229.0,-1.5,0.0017989655947829614
2018-09-13,16,1299,14,55.0,2684.0,25.0,229.0,-1.5,-0.0022466861379465608
2018-09-14,29,3249,10,16.0,1299.0,14.0,229.0,-1.5,-0.004928867480676574
2018-09-17,0,1530,14,29.0,3249.0,10.0,229.0,-1.5,0.005506855473139974
2018-09-18,57,2223,10,0.0,1530.0,14.0,229.0,-1.5,-0.011065161506650215
2018-09-19,53,2163,5,57.0,2223.0,10.0,229.0,-1.5,0.0006766662907409753
2018-09-20,82,3034,22,53.0,2163.0,5.0,229.0,-1.5,-0.007318171582976711
2018-09-21,32,4905,26,82.0,3034.0,22.0,229.0,-1.5,0.004972313255735246
2018-09-24,-12,2211,9,32.0,4905.0,26.0,229.0,-1.5,-0.0066269796697742715
2018-09-25,15,1967,16,-12.0,2211.0,9.0,229.0,-1.5,-0.006558860115345612
2018-09-26,21,2984,11,15.0,1967.0,16.0,229.0,-1.5,-0.0009092975676289873
2018-09-27,42,5061,26,21.0,2984.0,11.0,229.0,-1.5,-0.01070493110124129
2018-09-28,-28,1751,19,42.0,5061.0,26.0,229.0,-1.4,-0.0010346016783537096
2018-10-01,29,145,8,-28.0,1751.0,19.0,229.0,-1.4,0.006228373702422053
2018-10-02,10,153,13,29.0,145.0,8.0,229.0,-1.4,-0.019285632774164074
2018-10-03,64,138,21,10.0,153.0,13.0,229.0,-1.4,-0.010590015128593163
2018-10-04,34,128,15,64.0,138.0,21.0,229.0,-1.4,0.004920913884007051
2018-10-05,-16,134,13,34.0,128.0,15.0,229.0,-1.4,-0.009582797709477541
2018-10-08,53,100,21,-16.0,134.0,13.0,105.0,-1.4,-0.011557966741361057
2018-10-09,19,119,10,53.0,100.0,21.0,105.0,-1.4,0.0014350633819659212
2018-10-10,-16,176,8,19.0,119.0,10.0,105.0,-1.4,-0.002390057361376707
2018-10-11,-17,175,33,-16.0,176.0,8.0,105.0,-1.4,-0.02556102244089758
2018-10-12,17,116,7,-17.0,175.0,33.0,105.0,-1.4,-0.01646650984276338
2018-10-15,56,95,26,17.0,116.0,7.0,105.0,-1.4,-0.015273811002111063
2018-10-16,40,107,13,56.0,95.0,26.0,105.0,-1.4,0.00568038374147946
2018-10-17,29,92,21,40.0,107.0,13.0,105.0,-1.4,0.02006730649383023
2018-10-18,6,81,9,29.0,92.0,21.0,105.0,-1.4,-0.003304773561811457
2018-10-19,6,87,13,6.0,81.0,9.0,105.0,-1.4,-0.014921691947219238
2018-10-22,-10,85,7,6.0,87.0,13.0,105.0,-1.4,-0.010260260260260352
2018-10-23,59,118,16,-10.0,85.0,7.0,105.0,-1.4,-0.004032766225582775
2018-10-24,97,190,40,59.0,118.0,16.0,105.0,-1.4,0.004612427930813574
2018-10-25,-25,154,16,97.0,190.0,40.0,105.0,-1.4,-0.03532262178015807
2018-10-26,3,101,12,-25.0,154.0,16.0,105.0,-1.4,0.017372992892866455
2018-10-29,-12,163,15,3.0,101.0,12.0,105.0,-1.4,0.0006534239414531778
2018-10-30,30,105,11,-12.0,163.0,15.0,105.0,-1.4,-0.014329976762199841
2018-10-31,-6,97,9,30.0,105.0,11.0,105.0,-1.4,0.022516036130383544
2018-11-01,23,91,2,-6.0,97.0,9.0,105.0,-1.4,-0.010773130544993771
2018-11-02,-9,70,10,23.0,91.0,2.0,105.0,-1.4,0.013374092472296486
2018-11-05,46,55,3,-9.0,70.0,10.0,212.0,-1.4,0.0013763763763763694
2018-11-06,13,71,3,46.0,55.0,3.0,212.0,-1.4,-0.0003743448964312595
2018-11-07,54,97,10,13.0,71.0,3.0,212.0,-1.4,0.005491762356465273
2018-11-08,28,89,5,54.0,97.0,10.0,212.0,-1.4,0.0069144338807260435
2018-11-09,-20,80,11,28.0,89.0,5.0,212.0,-1.4,0.00012289541600087137
2018-11-12,7,88,12,-20.0,80.0,11.0,212.0,-1.4,-0.011862103052020364
2018-11-13,-14,91,13,7.0,88.0,12.0,212.0,-1.4,-0.018009004502251097
2018-11-14,-1,80,9,-14.0,91.0,13.0,212.0,-1.4,-0.005205688166582158
2018-11-15,-1,96,10,-1.0,80.0,9.0,212.0,-1.4,-0.014936708860759582
2018-11-16,8,100,11,-1.0,96.0,10.0,212.0,-1.4,0.01873143004779748
2018-11-19,-21,84,4,8.0,100.0,11.0,212.0,-1.4,0.01021580896437233
2018-11-20,7,97,9,-21.0,84.0,4.0,212.0,-1.4,-0.014191586416624487
2018-11-21,-4,66,5,7.0,97.0,9.0,212.0,-1.4,-0.008447043534762905
2018-11-23,4,54,7,-4.0,66.0,5.0,212.0,-1.4,0.0066597022721337825
2018-11-26,52,55,12,4.0,54.0,7.0,212.0,-1.4,0.007713426591711379
2018-11-27,15,49,16,52.0,55.0,12.0,212.0,-1.4,0.000643169539490756
2018-11-28,-6,80,11,15.0,49.0,16.0,212.0,-1.4,-0.004512053628980203
2018-11-29,2,54,8,-6.0,80.0,11.0,212.0,-1.4,0.02038446652044895
2018-11-30,-6,58,12,2.0,54.0,8.0,212.0,-1.4,-0.0008886631966483838
2018-12-03,1,84,6,-6.0,58.0,12.0,212.0,-1.4,0.009162636803257813
2018-12-04,8,73,11,1.0,84.0,6.0,212.0,-1.4,-0.0049887752556748025
2018-12-06,-40,91,20,8.0,73.0,11.0,212.0,-1.4,-0.04284457846463119
2018-12-07,-2,82,15,-40.0,91.0,20.0,212.0,-1.4,0.011324273914201896
2018-12-10,-13,57,11,-2.0,82.0,15.0,92.0,-1.4,-0.01999999999999995
2018-12-11,13,81,9,-13.0,57.0,11.0,92.0,-1.4,-0.006845637583892686
2018-12-12,-14,84,7,13.0,81.0,9.0,92.0,-1.4,-0.013742494996664457
2018-12-13,-11,78,9,-14.0,84.0,7.0,92.0,-1.4,-0.0006693440428379808
2018-12-14,-9,65,7,-11.0,78.0,9.0,92.0,-1.4,-0.017377355968453374
2018-12-17,-27,56,22,-9.0,65.0,7.0,92.0,-1.4,-0.008765922476373107
2018-12-18,5,60,8,-27.0,56.0,22.0,92.0,-1.4,-0.020598469032706887
2018-12-19,-28,80,11,5.0,60.0,8.0,92.0,-1.4,-0.006065735646776793
2018-12-20,15,86,12,-28.0,80.0,11.0,92.0,-1.4,-0.021998296906045944
2018-12-21,-21,83,8,15.0,86.0,12.0,92.0,-1.4,-0.01005391228325802
2018-12-24,-36,84,19,-21.0,83.0,8.0,92.0,-1.3,-0.02583296638778792
2018-12-26,-13,81,11,-36.0,84.0,19.0,92.0,-1.3,-0.013777441332323946
2018-12-27,-17,82,9,-13.0,81.0,11.0,92.0,-1.3,0.042036074594925095
2018-12-28,13,73,9,-17.0,82.0,9.0,92.0,-1.3,0.018867924528301827
2018-12-31,-5,53,10,13.0,73.0,9.0,92.0,-1.3,0.002765245233590627
2019-01-02,-4,80,45,-5.0,53.0,10.0,92.0,-1.3,0.0
2019-01-03,-68,97,12,-4.0,80.0,45.0,92.0,-1.3,0.017533606078316815
2019-01-04,-4,92,9,-68.0,97.0,12.0,92.0,-1.3,-0.013568129330254008
2019-01-08,32,65,5,-4.0,92.0,9.0,240.0,-1.3,0.02400578452639185
2019-01-09,-10,70,9,32.0,65.0,5.0,240.0,-1.3,0.006216328222130168
2019-01-10,6,72,8,-10.0,70.0,9.0,240.0,-1.3,0.004779461969138254
2019-01-11,-5,58,9,6.0,72.0,8.0,240.0,-1.3,0.009432672590567296
2019-01-14,-34,47,9,-5.0,58.0,9.0,240.0,-1.3,0.005845568243610558
2019-01-15,-10,76,13,-34.0,47.0,9.0,240.0,-1.3,-0.0027188689505166235
2019-01-16,-11,72,9,-10.0,76.0,13.0,240.0,-1.3,0.00394182411308966
2019-01-17,-13,93,11,-11.0,72.0,9.0,240.0,-1.3,0.006626994860697987
2019-01-18,-2,94,20,-13.0,93.0,11.0,240.0,-1.3,0.013076300889727673
2019-01-22,4,62,11,-2.0,94.0,20.0,240.0,-1.3,0.005164194915254245
2019-01-23,2,58,7,4.0,62.0,11.0,240.0,-1.3,-0.011127301629354741
2019-01-24,16,77,13,2.0,58.0,7.0,240.0,-1.3,-0.005206247496996404
2019-01-25,-30,64,8,16.0,77.0,13.0,240.0,-1.3,0.006716818914562064
2019-01-28,-38,74,9,-30.0,64.0,8.0,240.0,-1.3,0.004508088040307656
2019-01-29,-47,102,9,-38.0,74.0,9.0,240.0,-1.3,0.0019960079840318228
2019-01-30,7,76,7,-47.0,102.0,9.0,240.0,-1.3,-0.001988335100742199
2019-01-31,40,121,20,7.0,76.0,7.0,240.0,-1.3,0.006350046302420819
2019-02-01,49,61,8,40.0,121.0,20.0,240.0,-1.3,0.008415516107823809
2019-02-04,24,68,16,49.0,61.0,8.0,237.0,-1.3,-0.0027333073018351393
2019-02-05,50,93,20,24.0,68.0,16.0,237.0,-1.3,0.01160213792204407
2019-02-06,45,126,18,50.0,93.0,20.0,237.0,-1.3,-0.00025746652935131607
2019-02-07,41,60,15,45.0,126.0,18.0,237.0,-1.3,-0.0003866976024748793
2019-02-08,-20,74,10,41.0,60.0,15.0,237.0,-1.3,-0.002595380223202736
2019-02-11,46,65,19,-20.0,74.0,10.0,237.0,-1.3,0.004051757940138389
2019-02-12,27,65,9,46.0,65.0,19.0,237.0,-1.3,0.005582965463516058
2019-02-13,27,73,12,27.0,65.0,9.0,237.0,-1.3,0.008867754787302375
2019-02-14,11,79,24,27.0,73.0,12.0,237.0,-1.3,0.0017795856107792113
2019-02-15,-7,58,14,11.0,79.0,24.0,237.0,-1.3,0.007011728709841882
2019-02-19,-26,1358,12,-7.0,58.0,14.0,237.0,-1.3,0.010206653225806479
2019-02-20,6,656,11,-26.0,1358.0,12.0,237.0,-1.3,0.00850744401351173
2019-02-21,-2,3353,4,6.0,656.0,11.0,237.0,-1.3,0.006821282401091547
2019-02-22,7,1960,9,-2.0,3353.0,4.0,237.0,-1.3,-0.003330455162205453
2019-02-25,2,1096,8,7.0,1960.0,9.0,237.0,-1.3,0.003461490913586366
2019-02-26,-2,6074,7,2.0,1096.0,8.0,237.0,-1.3,-0.006866952789699599
2019-02-27,0,806,8,-2.0,6074.0,7.0,237.0,-1.3,-0.00840647793299551
2019-02-28,-7,792,9,0.0,806.0,8.0,237.0,-1.3,0.0041249999999999785
2019-03-01,7,1185,9,-7.0,792.0,9.0,237.0,-1.3,-0.0034869240348692552
2019-03-04,51,821,20,7.0,1185.0,9.0,237.0,-1.3,-0.0016127031385683595
2019-03-05,33,767,21,51.0,821.0,20.0,237.0,-1.3,-0.012521696007934428
2019-03-06,7,1086,12,33.0,767.0,21.0,237.0,-1.3,-0.00551654964894699
2019-03-07,-13,369,11,7.0,1086.0,12.0,237.0,-1.3,-0.019790747510399512
2019-03-08,8,913,14,-13.0,369.0,11.0,237.0,-1.3,-0.01105256393779719
2019-03-11,-26,1055,7,8.0,913.0,14.0,-50.0,-1.3,0.004573967590172616
2019-03-12,-20,1155,4,-26.0,1055.0,7.0,-50.0,-1.3,0.013364473854937086
2019-03-13,-36,1737,12,-20.0,1155.0,4.0,-50.0,-1.3,-0.0028132992327365588
2019-03-14,-8,530,11,-36.0,1737.0,12.0,-50.0,-1.3,-0.0001277302337463931
2019-03-15,-15,548,6,-8.0,530.0,11.0,-50.0,-1.3,-0.004597114033967557
2019-03-18,-9,3139,13,-15.0,548.0,6.0,-50.0,-1.3,-0.0007689350249904174
2019-03-19,25,2583,15,-9.0,3139.0,13.0,-50.0,-1.3,0.006017155293816398
2019-03-20,2,3200,2,25.0,2583.0,15.0,-50.0,-1.3,-0.011906269791006938
2019-03-21,12,1043,8,2.0,3200.0,2.0,-50.0,-1.3,-0.008225163860686294
2019-03-22,-9,1069,12,12.0,1043.0,8.0,-50.0,-1.3,0.016248537631613155
2019-03-25,24,1047,15,-9.0,1069.0,12.0,-50.0,-1.3,-0.030002575328354344
2019-03-26,-15,4756,13,24.0,1047.0,15.0,-50.0,-1.3,0.0061145819486905974
2019-03-27,18,909,12,-15.0,4756.0,13.0,-50.0,-1.3,0.001967213114754173
2019-03-28,-4,472,4,18.0,909.0,12.0,-50.0,-1.3,0.00013094146916316492
2019-03-29,6,535,12,-4.0,472.0,4.0,-50.0,-0.9,0.006658832745789147
2019-04-01,67,48063,13,6.0,535.0,12.0,-50.0,-0.9,-0.005286230015471849
2019-04-02,13,697,9,67.0,48063.0,13.0,-50.0,-0.9,0.005924781040700589
2019-04-03,19,469,10,13.0,697.0,9.0,-50.0,-0.9,-0.00690537084398985
2019-04-04,14,2104,6,19.0,469.0,10.0,-50.0,-0.9,-0.002938546058515265
2019-04-05,20,459,4,14.0,2104.0,6.0,-50.0,-0.9,0.007299270072992613
2019-04-08,43,2515,16,20.0,459.0,4.0,168.0,-0.9,0.006724181679776721
2019-04-09,-7,535,7,43.0,2515.0,16.0,168.0,-0.9,0.001389239706996709
2019-04-10,9,955,13,-7.0,535.0,7.0,168.0,-0.9,-0.008986204277939601
2019-04-11,22,901,16,9.0,955.0,13.0,168.0,-0.9,0.013903061224489656
2019-04-12,28,820,4,22.0,901.0,16.0,168.0,-0.9,-0.0023893360160965513
2019-04-15,73,2600,21,28.0,820.0,4.0,168.0,-0.9,-0.0013784461152882134
2019-04-16,39,1022,18,73.0,2600.0,21.0,168.0,-0.9,-0.006134969325153488
2019-04-17,58,579,17,39.0,1022.0,18.0,168.0,-0.9,0.0003765532822894582
2019-04-18,1,422,17,58.0,579.0,17.0,168.0,-0.9,-0.008002000500125037
2019-04-22,26,1190,16,1.0,422.0,17.0,168.0,-0.9,-0.002774974772956595
2019-04-23,46,1077,15,26.0,1190.0,16.0,168.0,-0.9,-0.0032948929159801158
2019-04-24,63,999,8,46.0,1077.0,15.0,168.0,-0.9,0.013202996064491638
2019-04-25,9,1255,16,63.0,999.0,8.0,168.0,-0.9,0.00288112238506832
2019-04-26,31,408,12,9.0,1255.0,16.0,168.0,-0.9,-0.00652037617554854
2019-04-29,58,1836,13,31.0,408.0,12.0,168.0,-0.3,0.008070617906683487
2019-04-30,17,1210,18,58.0,1836.0,13.0,168.0,-0.3,0.0041249999999999785
2019-05-01,2,1316,6,17.0,1210.0,18.0,168.0,-0.3,-0.0022413149047442013
2019-05-02,18,1317,9,2.0,1316.0,6.0,168.0,-0.3,-0.011698817672681987
2019-05-03,7,1966,8,18.0,1317.0,9.0,168.0,-0.3,0.0036537734660450046
2019-05-06,51,960,23,7.0,1966.0,8.0,219.0,-0.3,0.01550193774221789
2019-05-07,-13,922,15,51.0,960.0,23.0,219.0,-0.3,0.016743721104585822
2019-05-08,30,646,14,-13.0,922.0,15.0,219.0,-0.3,-0.01016109045848832
2019-05-09,28,947,10,30.0,646.0,14.0,219.0,-0.3,-0.006270378730875346
2019-05-10,16,946,11,28.0,947.0,10.0,219.0,-0.3,0.0057244625365729905
2019-05-13,-17,633,6,16.0,946.0,11.0,219.0,-0.3,0.006598984771573554
2019-05-14,24,424,21,-17.0,633.0,6.0,219.0,-0.3,-0.01335387776065732
2019-05-15,-21,1759,23,24.0,424.0,21.0,219.0,-0.3,0.008309529992209824
2019-05-16,24,1229,11,-21.0,1759.0,23.0,219.0,-0.3,0.008948255738555282
2019-05-17,2,2881,15,24.0,1229.0,11.0,219.0,-0.3,0.0016673079389508206
2019-05-20,-8,601,5,2.0,2881.0,15.0,219.0,-0.3,-0.009284332688587991
2019-05-21,-33,5582,14,-8.0,601.0,5.0,219.0,-0.3,-0.000524040351106931
2019-05-22,20,6887,10,-33.0,5582.0,14.0,219.0,-0.3,0.006771715067065972
2019-05-23,-7,2920,16,20.0,6887.0,10.0,219.0,-0.3,-0.005844155844155882
2019-05-24,0,11066,21,-7.0,2920.0,16.0,219.0,-0.3,-0.013855898653998378
2019-05-28,18,4911,9,0.0,11066.0,21.0,219.0,-0.3,0.0045248868778281
2019-05-29,-24,6795,19,18.0,4911.0,9.0,219.0,-0.3,-0.00872554204124797
2019-05-30,-1,9027,15,-24.0,6795.0,19.0,219.0,-0.3,-0.0022806546820499287
2019-05-31,-12,6157,30,-1.0,9027.0,15.0,219.0,-0.2,-0.005631536604987955
2019-06-03,-7,909,19,-12.0,6157.0,30.0,219.0,-0.2,-0.001909698540444695
2019-06-04,-5,858,8,-7.0,909.0,19.0,219.0,-0.2,0.005468215994531667
2019-06-05,27,5030,13,-5.0,858.0,8.0,219.0,-0.2,0.01600322754168905
2019-06-06,25,2984,9,27.0,5030.0,13.0,219.0,-0.2,-0.00645841571108487
2019-06-07,64,9201,15,25.0,2984.0,9.0,219.0,-0.2,-0.0029166114278140398
2019-06-10,11,11214,10,64.0,9201.0,15.0,63.0,-0.2,0.002914679385267605
2019-06-11,19,2992,5,11.0,11214.0,10.0,63.0,-0.2,0.002498356344510161
2019-06-12,28,1365,18,19.0,2992.0,5.0,63.0,-0.2,-0.008989056800417039
2019-06-13,25,1153,13,28.0,1365.0,18.0,63.0,-0.2,-0.0014469876348329313
2019-06-14,12,758,24,25.0,1153.0,13.0,63.0,-0.2,0.005367194658986735
2019-06-17,2,1675,12,12.0,758.0,24.0,63.0,-0.2,-0.007827788649706569
2019-06-18,14,5818,14,2.0,1675.0,12.0,63.0,-0.2,-0.0017105263157894141
2019-06-19,39,5064,11,14.0,5818.0,14.0,63.0,-0.2,0.006020942408376881
2019-06-20,44,2390,18,39.0,5064.0,11.0,63.0,-0.2,0.002863464792398788
2019-06-21,-31,3068,8,44.0,2390.0,18.0,63.0,-0.2,-0.00295629820051419
2019-06-24,8,2190,13,-31.0,3068.0,8.0,63.0,-0.2,-0.007097690024519257
2019-06-25,21,8244,7,8.0,2190.0,13.0,63.0,-0.2,-0.013996889580093293
2019-06-26,-3,4893,3,21.0,8244.0,7.0,63.0,-0.2,-0.006823251541792364
2019-06-27,12,2787,6,-3.0,4893.0,3.0,63.0,-0.2,-0.002632618138739013
2019-06-28,1,2725,3,12.0,2787.0,6.0,63.0,-0.2,0.016848756087929462
2019-07-01,19,15976,24,1.0,2725.0,3.0,63.0,-0.2,0.011630912380460141
2019-07-02,10,2270,7,19.0,15976.0,24.0,63.0,-0.2,-0.009720994823885823
2019-07-03,27,14288,12,10.0,2270.0,7.0,63.0,-0.2,-0.005990313535559507
2019-07-05,1,6495,10,27.0,14288.0,12.0,63.0,-0.2,0.0016602809706259215
2019-07-08,-53,4418,17,1.0,6495.0,10.0,175.0,-0.2,0.008452868852458974
2019-07-09,22,11326,13,-53.0,4418.0,17.0,175.0,-0.2,-0.008147676639083393
2019-07-10,11,1963,23,22.0,11326.0,13.0,175.0,-0.2,0.0018024977468778238
2019-07-11,18,4090,17,11.0,1963.0,23.0,175.0,-0.2,-0.0021741910730272637
2019-07-12,-14,880,13,18.0,4090.0,17.0,175.0,-0.2,-0.005379787370308539
2019-07-15,5,6347,12,-14.0,880.0,13.0,175.0,-0.2,0.00810810810810805
2019-07-16,29,7639,19,5.0,6347.0,12.0,175.0,-0.2,-0.008155983178284702
2019-07-17,15,6762,13,29.0,7639.0,19.0,175.0,-0.2,0.001542614731970566
2019-07-18,27,2079,14,15.0,6762.0,13.0,175.0,-0.2,-0.0074444872288537845
2019-07-19,14,5355,14,27.0,2079.0,14.0,175.0,-0.2,0.003237084034701541
2019-07-22,37,1874,7,14.0,5355.0,14.0,175.0,-0.2,-0.003224558235521733
2019-07-23,20,3468,16,37.0,1874.0,7.0,175.0,-0.2,-0.003486570247933833
2019-07-24,22,8357,20,20.0,3468.0,16.0,175.0,-0.2,0.0063307493540051005
2019-07-25,23,2339,30,22.0,8357.0,20.0,175.0,-0.2,0.01983002832861198
2019-07-26,8,2249,13,23.0,2339.0,30.0,175.0,-0.2,-0.009858442871587476
2019-07-29,34,1068,14,8.0,2249.0,13.0,175.0,-0.6,0.008409785932721668
2019-07-30,-6,2644,17,34.0,1068.0,14.0,175.0,-0.6,-0.00568253567369621
2019-07-31,-15,4067,15,-6.0,2644.0,17.0,175.0,-0.6,0.016864699118436282
2019-08-01,17,6705,24,-15.0,4067.0,15.0,175.0,-0.6,-0.00502449441025004
2019-08-02,12,3340,29,17.0,6705.0,24.0,175.0,-0.6,-0.016517463119404895
2019-08-05,-19,8565,10,12.0,3340.0,29.0,193.0,-0.6,-0.00657216494845349
2019-08-06,-3,5078,18,-19.0,8565.0,10.0,193.0,-0.6,-0.010031678986272509
2019-08-07,-18,9423,14,-3.0,5078.0,18.0,193.0,-0.6,0.003708118130049015
2019-08-08,8,6009,11,-18.0,9423.0,14.0,193.0,-0.6,0.010247537929198776
2019-08-09,-3,1957,25,8.0,6009.0,11.0,193.0,-0.6,0.01718258132214064
2019-08-12,-13,8299,14,-3.0,1957.0,25.0,193.0,-0.6,-0.009056799068443559
2019-08-13,10,14922,20,-13.0,8299.0,14.0,193.0,-0.6,-0.004600420609884258
2019-08-14,12,17206,77,10.0,14922.0,20.0,193.0,-0.6,0.013912813038293323
2019-08-15,-51,6566,63,12.0,17206.0,77.0,193.0,-0.6,-0.012367021276595835
2019-08-16,-46,13729,42,-51.0,6566.0,63.0,193.0,-0.6,-0.006445548543037518
2019-08-19,21,2963,21,-46.0,13729.0,42.0,193.0,-0.6,0.017487220877051346
2019-08-20,42,7623,17,21.0,2963.0,21.0,193.0,-0.6,-0.0006538511834706049
2019-08-21,-10,6265,18,42.0,7623.0,17.0,193.0,-0.6,-0.00655393891728929
2019-08-22,48,3923,31,-10.0,6265.0,18.0,193.0,-0.6,-0.005208333333333223
2019-08-23,-11,11420,41,48.0,3923.0,31.0,193.0,-0.6,-0.0048328108672936855
2019-08-26,17,3958,22,-11.0,11420.0,41.0,193.0,-0.6,-0.024306472919418804
2019-08-27,22,1950,14,17.0,3958.0,22.0,193.0,-0.6,0.002285560634579211
2019-08-28,21,6441,22,22.0,1950.0,14.0,193.0,-0.6,-0.01814058956916099
2019-08-29,26,4643,20,21.0,6441.0,22.0,193.0,-0.6,0.014435516818738772
2019-08-30,16,2266,10,26.0,4643.0,20.0,193.0,-0.5,0.00504313205043145
2019-09-03,6,4129,9,16.0,2266.0,10.0,193.0,-0.5,-0.008136482939632605
2019-09-04,47,4137,16,6.0,4129.0,9.0,193.0,-0.5,-0.00626583122250365
2019-09-05,19,3120,15,47.0,4137.0,16.0,193.0,-0.5,-0.00013278449077154582
2019-09-06,16,5263,22,19.0,3120.0,15.0,193.0,-0.5,0.007215953817895528
2019-09-09,9,3945,41,16.0,5263.0,22.0,195.0,-0.5,-0.004291845493562209
2019-09-10,-12,2016,27,9.0,3945.0,41.0,195.0,-0.5,0.01158250910983863
2019-09-11,6,10825,14,-12.0,2016.0,27.0,195.0,-0.5,0.013261233423458234
2019-09-12,-6,5336,14,6.0,10825.0,14.0,195.0,-0.5,0.017105930055752592
2019-09-13,-44,1358,27,-6.0,5336.0,14.0,195.0,-0.5,-0.0012442453651861207
2019-09-16,43,2354,15,-44.0,1358.0,27.0,195.0,-0.5,-0.003223406893131551
2019-09-17,39,5432,22,43.0,2354.0,15.0,195.0,-0.5,0.004107542942494377
2019-09-18,-36,1751,20,39.0,5432.0,22.0,195.0,-0.5,0.0008704302412334393
2019-09-19,0,1145,10,-36.0,1751.0,20.0,195.0,-0.5,-0.0054665175798235535
2019-09-20,16,7173,23,0.0,1145.0,10.0,195.0,-0.5,-0.007983036048397164
2019-09-23,-35,7823,19,16.0,7173.0,23.0,195.0,-0.5,-0.002767991947659774
2019-09-24,-14,5141,13,-35.0,7823.0,19.0,195.0,-0.5,0.004432062808661446
2019-09-25,16,2876,26,-14.0,5141.0,13.0,195.0,-0.5,-0.015516588873470287
2019-09-26,19,5677,21,16.0,2876.0,26.0,195.0,-0.5,0.01436634171369939
2019-09-27,16,4203,4,19.0,5677.0,21.0,195.0,-0.5,-0.009743135518157609
2019-09-30,-30,2301,13,16.0,4203.0,4.0,195.0,-0.5,-0.008286588475267613
2019-10-01,4,4220,11,-30.0,2301.0,13.0,195.0,-0.5,-0.0012830382345393164
2019-10-02,-24,7328,22,4.0,4220.0,11.0,195.0,-0.5,-0.0241687979539642
2019-10-03,2,3626,15,-24.0,7328.0,22.0,195.0,-0.5,-0.004348972061149161
2019-10-04,-20,1121,13,2.0,3626.0,15.0,195.0,-0.5,0.005047821466524913
2019-10-07,-27,2943,13,-20.0,1121.0,13.0,221.0,-0.5,0.007118375955707966
2019-10-08,-28,2800,36,-27.0,2943.0,13.0,221.0,-0.5,0.0007865757734662072
2019-10-09,1,6927,11,-28.0,2800.0,36.0,221.0,-0.5,-0.007537688442211153
2019-10-10,-8,4276,19,1.0,6927.0,11.0,221.0,-0.5,-0.003177545346219977
2019-10-11,-11,3088,14,-8.0,4276.0,19.0,221.0,-0.5,0.0009283819628646311
2019-10-14,-14,1799,12,-11.0,3088.0,14.0,221.0,-0.5,0.005495224388329026
2019-10-15,27,5178,16,-14.0,1799.0,12.0,221.0,-0.5,-0.0011727912431585773
2019-10-16,-4,2625,21,27.0,5178.0,16.0,221.0,-0.5,0.009247199791612315
2019-10-17,55,2690,24,-4.0,2625.0,21.0,221.0,-0.5,0.004525471942073886
2019-10-18,69,2066,17,55.0,2690.0,24.0,221.0,-0.5,0.006791389031265849
2019-10-21,-2,2283,15,69.0,2066.0,17.0,221.0,-0.5,-0.0020449897750510807
2019-10-22,39,2828,15,-2.0,2283.0,15.0,221.0,-0.5,-0.00012683916793512326
2019-10-23,56,8477,28,39.0,2828.0,15.0,221.0,-0.5,0.0008863003291971788
2019-10-24,64,5779,19,56.0,8477.0,28.0,221.0,-0.5,0.002783753005187889
2019-10-25,30,7791,15,64.0,5779.0,19.0,221.0,-0.5,-0.004028704519702976
2019-10-28,0,2075,7,30.0,7791.0,15.0,221.0,-0.5,0.007979734008866313
2019-10-29,38,12124,17,0.0,2075.0,7.0,221.0,-0.5,0.004753565173880353
2019-10-30,60,6171,17,38.0,12124.0,17.0,221.0,-0.5,0.006364657431673594
2019-10-31,38,7671,20,60.0,6171.0,17.0,221.0,0.7,-0.004220980757293649
2019-11-01,90,5293,18,38.0,7671.0,20.0,221.0,0.7,-0.007870081199250412
2019-11-04,1,6529,24,90.0,5293.0,18.0,195.0,0.7,0.0105249968675605
2019-11-05,-49,23999,40,1.0,6529.0,24.0,195.0,0.7,0.00024603272235202393
2019-11-06,-32,26969,25,-49.0,23999.0,40.0,195.0,0.7,-0.0008587903324746336
2019-11-07,-21,3546,23,-32.0,26969.0,25.0,195.0,0.7,-0.004176391106743686
2019-11-08,35,84,16,-21.0,3546.0,23.0,195.0,0.7,-0.00611545988258317
2019-11-11,27,103,22,35.0,84.0,16.0,195.0,0.7,0.004071560764959879
2019-11-12,10,123,12,27.0,103.0,22.0,195.0,0.7,0.003586889301175093
2019-11-13,37,109,17,10.0,123.0,12.0,195.0,0.7,-0.0014772867167303278
2019-11-14,-16,141,27,37.0,109.0,17.0,195.0,0.7,0.0
2019-11-15,47,131,31,-16.0,141.0,27.0,195.0,0.7,0.00012425447316092078
2019-11-18,33,88,20,47.0,131.0,31.0,195.0,0.7,-0.0009876543209876333
2019-11-19,54,374,16,33.0,88.0,20.0,195.0,0.7,-0.002970297029702907
2019-11-20,64,195,17,54.0,374.0,16.0,195.0,0.7,-0.002595155709342659
2019-11-21,-13,128,19,64.0,195.0,17.0,195.0,0.7,-0.0019890601690700717
2019-11-22,21,151,17,-13.0,128.0,19.0,195.0,0.7,-0.005727804756568397
2019-11-25,44,95,12,21.0,151.0,17.0,195.0,0.7,-0.000873798527025255
2019-11-26,26,113,26,44.0,95.0,12.0,195.0,0.7,0.01976382846488506
2019-11-27,15,130,24,26.0,113.0,26.0,195.0,0.7,-0.0012184720360667034
2019-11-29,54,68,19,15.0,130.0,24.0,195.0,0.5,0.0015813161415887322
2019-12-02,-12,118,13,54.0,68.0,19.0,195.0,0.5,-0.004865588127964864
2019-12-03,-7,120,20,-12.0,118.0,13.0,195.0,0.5,-0.014135998050207125
2019-12-04,11,125,19,-7.0,120.0,20.0,195.0,0.5,0.004989397530248116
2019-12-05,51,128,25,11.0,125.0,19.0,195.0,0.5,0.0029644268774704683
2019-12-06,57,106,47,51.0,128.0,25.0,195.0,0.5,0.00012275963663153835
2019-12-09,5,93,12,57.0,106.0,47.0,234.0,0.5,0.003888686353141247
2019-12-10,-14,128,24,5.0,93.0,12.0,234.0,0.5,-0.0016963528413910165
2019-12-11,28,103,17,-14.0,128.0,24.0,234.0,0.5,-0.00024274790629925987
2019-12-12,23,103,12,28.0,103.0,17.0,234.0,0.5,-0.0010917030567686003
2019-12-13,2,130,19,23.0,103.0,12.0,234.0,0.5,0.011175898931000992
2019-12-16,45,105,24,2.0,130.0,19.0,234.0,0.5,-0.005530840447276758
2019-12-17,26,108,18,45.0,105.0,24.0,234.0,0.5,-0.002775431398576131
2019-12-18,40,100,12,26.0,108.0,18.0,234.0,0.5,0.006156446161274636
2019-12-19,32,126,27,40.0,100.0,12.0,234.0,0.5,0.0008376211559172836
2019-12-20,-8,91,18,32.0,126.0,27.0,234.0,0.5,0.0020303356025319678
2019-12-23,23,86,8,-8.0,91.0,18.0,234.0,0.5,-0.007346842042896131
2019-12-24,27,76,11,23.0,86.0,8.0,234.0,0.5,-0.0007145409074669795
2019-12-26,58,93,16,27.0,76.0,11.0,234.0,0.5,0.00023775558725625318
2019-12-27,26,80,9,58.0,93.0,16.0,234.0,0.5,-0.0011886366337809855
2019-12-30,11,81,12,26.0,80.0,9.0,234.0,0.5,-0.007121661721068181
2019-12-31,13,119,72,11.0,81.0,12.0,234.0,0.5,-0.0014333492594362702
2020-01-02,19,1670,28,13.0,119.0,72.0,234.0,0.5,0.0038309589369088133
2020-01-03,14,15372,20,19.0,1670.0,28.0,234.0,0.5,-0.004744395682599996
2020-01-06,39,113,17,14.0,15372.0,20.0,234.0,0.5,0.008781426681101937
2020-01-07,48,126,22,39.0,113.0,17.0,234.0,0.5,0.007213272421255041
2020-01-08,-13,210,29,48.0,126.0,22.0,234.0,0.5,-0.001917086029235521
2020-01-09,1,178,20,-13.0,210.0,29.0,234.0,0.5,0.0021608643457383774
2020-01-10,51,139,23,1.0,178.0,20.0,234.0,0.5,-0.004651162790697681
2020-01-13,44,172,23,51.0,139.0,23.0,161.0,0.5,-0.004792140888942203
2020-01-14,126,215,32,44.0,172.0,23.0,161.0,0.5,0.008306247742867605
2020-01-15,25,180,21,126.0,215.0,32.0,161.0,0.5,0.00670578373847429
2020-01-16,85,200,41,25.0,180.0,21.0,161.0,0.5,0.0061971159575737135
2020-01-17,38,194,27,85.0,200.0,41.0,161.0,0.5,0.006236027767972717
2020-01-21,29,173,41,38.0,194.0,27.0,161.0,0.5,-0.006054255443008453
2020-01-22,48,225,38,29.0,173.0,41.0,161.0,0.5,-0.004941757853865181
2020-01-23,42,191,31,48.0,225.0,38.0,161.0,0.5,-0.003769584167746583
2020-01-24,88,257,43,42.0,191.0,31.0,161.0,0.5,0.004742145820984063
2020-01-27,-26,239,43,88.0,257.0,43.0,161.0,0.5,-0.01731448763250882
2020-01-28,30,668,42,-26.0,239.0,43.0,161.0,0.5,0.0048715138229205425
2020-01-29,26,361,55,30.0,668.0,42.0,161.0,0.5,0.0009636232233196617
2020-01-30,60,569,37,26.0,361.0,55.0,161.0,0.5,-0.009481517042726742
2020-01-31,37,244,55,60.0,569.0,37.0,161.0,0.3,0.006224826071036139
2020-02-03,10,259,43,37.0,244.0,55.0,161.0,0.3,-0.018895526027063236
2020-02-04,73,520,60,10.0,259.0,43.0,161.0,0.3,0.0032106693010618783
2020-02-05,97,264,40,73.0,520.0,60.0,161.0,0.3,-0.00036456434560701344
2020-02-06,104,244,42,97.0,264.0,40.0,161.0,0.3,0.010243432152325793
2020-02-07,100,255,49,104.0,244.0,42.0,161.0,0.3,-0.007125890736342144
2020-02-10,167,364,38,100.0,255.0,49.0,315.0,0.3,-0.009979559937477437
2020-02-11,132,354,76,167.0,364.0,38.0,315.0,0.3,0.0054771178188900045
2020-02-12,116,347,50,132.0,354.0,76.0,315.0,0.3,0.0031313982897748422
2020-02-13,42,299,65,116.0,347.0,50.0,315.0,0.3,0.000357909806728718
2020-02-14,138,332,49,42.0,299.0,65.0,315.0,0.3,0.00947924166066705
2020-02-18,14,296,67,138.0,332.0,49.0,315.0,0.3,-0.0060577265708515364
2020-02-19,150,340,60,14.0,296.0,67.0,315.0,0.3,-0.002755811167025998
2020-02-20,131,1469,61,150.0,340.0,60.0,315.0,0.3,0.0002394349335567583
2020-02-21,233,384,87,131.0,1469.0,61.0,315.0,0.3,0.006591562799616457
2020-02-24,-18,319,85,233.0,384.0,87.0,315.0,0.3,-0.008716417910447808
2020-02-25,-20,317,87,-18.0,319.0,85.0,315.0,0.3,0.0021144278606963613
2020-02-26,-16,359,76,-20.0,317.0,87.0,315.0,0.3,-0.03615203664727005
2020-02-27,-74,553,83,-16.0,359.0,76.0,315.0,0.3,-0.015624999999999988
2020-02-28,-76,565,142,-74.0,553.0,83.0,315.0,0.3,-0.016219090667375684
2020-03-02,-131,445,98,-76.0,565.0,142.0,315.0,0.3,0.014636186228045881
2020-03-03,-149,395,153,-131.0,445.0,98.0,315.0,0.3,0.021762934574322518
2020-03-04,12,323,64,-149.0,395.0,153.0,315.0,0.3,-0.022079486150140583
2020-03-05,-37,312,61,12.0,323.0,64.0,315.0,0.3,0.013997308209959708
2020-03-06,-110,317,90,-37.0,312.0,61.0,315.0,0.3,-0.01290760869565202
2020-03-09,-128,520,110,-110.0,317.0,90.0,289.0,0.3,0.0120567375886524
2020-03-10,-121,383,92,-128.0,520.0,110.0,289.0,0.3,-0.034208552138034524
2020-03-11,-168,1012,96,-121.0,383.0,92.0,289.0,0.3,-0.00405709992486846
2020-03-12,-388,770,162,-168.0,1012.0,96.0,289.0,0.3,-0.03515020130071223
2020-03-13,-236,699,175,-388.0,770.0,162.0,289.0,0.3,-0.04280020793623287
2020-03-16,-271,2670,239,-236.0,699.0,175.0,289.0,0.3,0.029956709956709907
2020-03-17,-105,2415,133,-271.0,2670.0,239.0,289.0,0.3,-0.0003809523809524405
2020-03-18,-226,2831,191,-105.0,2415.0,133.0,289.0,0.3,0.0481171548117155
2020-03-19,-95,2146,138,-226.0,2831.0,191.0,289.0,0.3,-0.03605166763061495
2020-03-20,-200,739,171,-95.0,2146.0,138.0,289.0,0.3,0.056588355464759876
2020-03-23,-224,496,154,-200.0,739.0,171.0,289.0,0.3,-0.05054358191874878
2020-03-24,-89,495,149,-224.0,496.0,154.0,289.0,0.3,-0.006875631951466196
2020-03-25,-86,512,151,-89.0,495.0,149.0,289.0,0.3,0.04502740798747072
2020-03-26,-129,2967,119,-86.0,512.0,151.0,289.0,0.3,0.0013079222720478376
2020-03-27,-186,1380,146,-129.0,2967.0,119.0,289.0,0.2,0.057032115171650126
2020-03-30,-61,691,151,-186.0,1380.0,146.0,289.0,0.2,-0.00776313413973641
2020-03-31,-190,4876,99,-61.0,691.0,151.0,289.0,0.2,0.016443801951572037
2020-04-01,-122,1323,91,-190.0,4876.0,99.0,289.0,0.2,-0.0007123775601068415
2020-04-02,-244,266,98,-122.0,1323.0,91.0,289.0,0.2,-0.029384415101357725
2020-04-03,-267,1285,120,-244.0,266.0,98.0,289.0,0.2,0.0153491941673063
2020-04-06,-109,2037,92,-267.0,1285.0,120.0,289.0,0.2,-0.02913175932977915
2020-04-07,-82,560,95,-109.0,2037.0,92.0,-1683.0,0.2,0.03782461422657128
2020-04-08,-101,2932,76,-82.0,560.0,95.0,-1683.0,0.2,-0.028030833917309067
2020-04-09,-180,3097,217,-101.0,2932.0,76.0,-1683.0,0.2,0.03165569980437491
2020-04-13,-58,24843,93,-180.0,3097.0,217.0,-1683.0,0.2,0.024685138539042924
2020-04-14,-98,34018,132,-58.0,24843.0,93.0,-1683.0,0.2,-0.02643754130865832
2020-04-15,2,14146,73,-98.0,34018.0,132.0,-1683.0,0.2,-0.008271298593879239
2020-04-16,-20,32806,93,2.0,14146.0,73.0,-1683.0,0.2,-0.012942191544434857
2020-04-17,-79,8740,119,-20.0,32806.0,93.0,-1683.0,0.2,-0.009254408940108278
2020-04-20,104,596,144,-79.0,8740.0,119.0,-1683.0,0.2,0.005764665988470726
2020-04-21,-65,1376,114,104.0,596.0,144.0,-1683.0,0.2,0.0022413793103448717
2020-04-22,-33,1123,77,-65.0,1376.0,114.0,-1683.0,0.2,0.0033509700176366443
2020-04-23,-69,434,106,-33.0,1123.0,77.0,-1683.0,0.2,-0.01478933791917454
2020-04-24,36,355,92,-69.0,434.0,106.0,-1683.0,0.2,0.0058956129703484714
2020-04-27,55,807,90,36.0,355.0,92.0,-1683.0,0.2,0.002218808670421496
2020-04-28,-11,472,77,55.0,807.0,90.0,-1683.0,0.2,0.032551863720694886
2020-04-29,-13,386,96,-11.0,472.0,77.0,-1683.0,0.2,-0.004929241532835145
2020-04-30,-8,314,70,-13.0,386.0,96.0,-1683.0,-0.2,0.024023558586484767
2020-05-01,-13,352,97,-8.0,314.0,70.0,-1683.0,-0.2,-0.01919801826908193
2020-05-04,-4,229,61,-13.0,352.0,97.0,-1683.0,-0.2,-0.01699304094513671
2020-05-05,108,844,47,-4.0,229.0,61.0,-1683.0,-0.2,0.00816258537397971
2020-05-06,7,334,104,108.0,844.0,47.0,-1683.0,-0.2,-0.014134849715678268
2020-05-07,204,883,110,7.0,334.0,104.0,-1683.0,-0.2,-0.01753236113386859
2020-05-08,27,342,134,204.0,883.0,110.0,-1683.0,-0.2,-0.0004930966469428196
2020-05-11,51,511,71,27.0,342.0,134.0,-20679.0,-0.2,0.023244552058111344
2020-05-12,238,345,81,51.0,511.0,71.0,-20679.0,-0.2,-0.004638515674984104
2020-05-13,66,277,86,238.0,345.0,81.0,-20679.0,-0.2,-0.044033184428844886
2020-05-14,178,477,95,66.0,277.0,86.0,-20679.0,-0.2,-0.03045599865387855
2020-05-15,60,425,64,178.0,477.0,95.0,-20679.0,-0.2,0.028998398861412606
2020-05-18,234,304,156,60.0,425.0,64.0,-20679.0,-0.2,0.021432305279665397
2020-05-19,137,569,91,234.0,304.0,156.0,-20679.0,-0.2,0.0274869109947644
2020-05-20,60,274,82,137.0,569.0,91.0,-20679.0,-0.2,-0.01772313587737505
2020-05-21,218,531,89,60.0,274.0,82.0,-20679.0,-0.2,0.011479591836734677
2020-05-22,26,375,35,218.0,531.0,89.0,-20679.0,-0.2,0.001261431725007857
2020-05-26,173,259,77,26.0,375.0,35.0,-20679.0,-0.2,0.0018856065367692872
2020-05-27,168,293,92,173.0,259.0,77.0,-20679.0,-0.2,0.0049954586739327615
2020-05-28,73,299,79,168.0,293.0,92.0,-20679.0,-0.2,0.015457088179007759
2020-05-29,-2,418,47,73.0,299.0,79.0,-20679.0,0.0,-0.04097421203438395
2020-06-01,137,734,69,-2.0,418.0,47.0,-20679.0,0.0,-0.0022627847337457485
2020-06-02,93,571,55,137.0,734.0,69.0,-20679.0,0.0,0.007533524182612625
2020-06-03,100,483,35,93.0,571.0,55.0,-20679.0,0.0,0.0034124629080117173
2020-06-04,23,215,6,100.0,483.0,35.0,-20679.0,0.0,0.017309090909090875
2020-06-05,38,268,19,23.0,215.0,6.0,-20679.0,0.0,0.017659727207465753
2020-06-08,60,3882,41,38.0,268.0,19.0,2833.0,0.0,-0.005244050020169431
2020-06-09,8,4762,9,60.0,3882.0,41.0,2833.0,0.0,0.0029204832072215435
2020-06-10,17,4473,23,8.0,4762.0,9.0,2833.0,0.0,-0.006871463217461671
2020-06-11,53,12300,116,17.0,4473.0,23.0,2833.0,0.0,-0.032947583390061284
2020-06-12,-22,11686,52,53.0,12300.0,116.0,2833.0,0.0,-0.03804748562158971
2020-06-15,-9,1498,100,-22.0,11686.0,52.0,2833.0,0.0,-0.009625351695542806
2020-06-16,-26,1387,101,-9.0,1498.0,100.0,2833.0,0.0,0.06387630798063414
2020-06-17,52,1943,63,-26.0,1387.0,101.0,2833.0,0.0,-0.015087422447828644
2020-06-18,29,460,77,52.0,1943.0,63.0,2833.0,0.0,-0.023857142857142882
2020-06-19,58,669,89,29.0,460.0,77.0,2833.0,0.0,0.007251738937398389
2020-06-22,40,1015,60,58.0,669.0,89.0,2833.0,0.0,-0.03101557991921512
2020-06-23,45,754,48,40.0,1015.0,60.0,2833.0,0.0,0.013309406310752213
2020-06-24,-96,1666,96,45.0,754.0,48.0,2833.0,0.0,-0.00918367346938769
2020-06-25,21,213,64,-96.0,1666.0,96.0,2833.0,0.0,-0.021038495971351785
2020-06-26,10,726,53,21.0,213.0,64.0,2833.0,0.0,0.024761611811750225
2020-06-29,79,791,59,10.0,726.0,53.0,2833.0,0.0,-0.023712430146503448
2020-06-30,12,616,50,79.0,791.0,59.0,2833.0,0.0,0.02697348369399567
2020-07-01,58,218,49,12.0,616.0,50.0,2833.0,0.0,0.016371483851763784
2020-07-02,167,210,69,58.0,218.0,49.0,2833.0,0.0,-0.01665449233016801
2020-07-06,97,1340,58,167.0,210.0,69.0,4846.0,0.0,-0.014558159848595138
2020-07-07,123,241,78,97.0,1340.0,58.0,4846.0,0.0,-0.011429398148148235
2020-07-08,43,709,65,123.0,241.0,78.0,4846.0,0.0,-0.011078286558345642
2020-07-09,91,665,70,43.0,709.0,65.0,4846.0,0.0,0.004182225541448859
2020-07-10,110,263,67,91.0,665.0,70.0,4846.0,0.0,-0.02334225393993469
2020-07-13,108,272,110,110.0,263.0,67.0,4846.0,0.0,0.021603529590750063
2020-07-14,73,4459,49,108.0,272.0,110.0,4846.0,0.0,-0.0190293553621479
2020-07-15,97,4511,84,73.0,4459.0,49.0,4846.0,0.0,0.017921686746987915
2020-07-16,137,254,59,97.0,4511.0,84.0,4846.0,0.0,0.02243589743589753
2020-07-17,120,202,58,137.0,254.0,59.0,4846.0,0.0,0.0007179781734634857
2020-07-20,139,8107,47,120.0,202.0,58.0,4846.0,0.0,-0.00171870524205085
2020-07-21,211,9291,57,139.0,8107.0,47.0,4846.0,0.0,-0.004606304879804134
2020-07-22,13,5838,32,211.0,9291.0,57.0,4846.0,0.0,0.010723477266228196
2020-07-23,101,5750,52,13.0,5838.0,32.0,4846.0,0.0,0.006544316403471244
2020-07-24,15,3003,35,101.0,5750.0,52.0,4846.0,0.0,0.007780449851464098
2020-07-27,111,200,67,15.0,3003.0,35.0,4846.0,0.0,-0.00989679061218723
2020-07-28,45,252,71,111.0,200.0,67.0,4846.0,0.0,0.00954960091220071
2020-07-29,-2,240,71,45.0,252.0,71.0,4846.0,0.0,-0.004528729125389091
2020-07-30,26,274,64,-2.0,240.0,71.0,4846.0,0.0,0.019940602460755352
2020-07-31,158,252,54,26.0,274.0,64.0,4846.0,1.5,0.0070254320640719395
2020-08-03,386,238,97,158.0,252.0,54.0,4846.0,1.5,-0.0030799384012321577
2020-08-04,261,309,80,386.0,238.0,97.0,4846.0,1.5,0.006287550649713608
2020-08-05,260,300,85,261.0,309.0,80.0,4846.0,1.5,0.008211551844119742
2020-08-06,254,312,75,260.0,300.0,85.0,4846.0,1.5,0.01298701298701283
2020-08-07,214,281,58,254.0,312.0,75.0,4846.0,1.5,-0.0033811198268866647
2020-08-10,213,239,65,214.0,281.0,58.0,1726.0,1.5,0.01998368678629689
2020-08-11,99,259,60,213.0,239.0,65.0,1726.0,1.5,0.00811493947053345
2020-08-12,136,274,71,99.0,259.0,60.0,1726.0,1.5,-0.010586851391974936
2020-08-13,211,261,59,136.0,274.0,71.0,1726.0,1.5,-0.0066692820714006175
2020-08-14,142,278,79,211.0,261.0,59.0,1726.0,1.5,-0.0014544492926087454
2020-08-17,265,216,67,142.0,278.0,79.0,1726.0,1.5,0.007070437566702256
2020-08-18,178,224,54,265.0,216.0,67.0,1726.0,1.5,-0.00039661554732947033
2020-08-19,165,235,58,178.0,224.0,54.0,1726.0,1.5,-0.01138168343038644
2020-08-20,94,254,75,165.0,235.0,58.0,1726.0,1.5,-0.004266097853619616
2020-08-21,69,259,53,94.0,254.0,75.0,1726.0,1.5,0.0010809350087825737
2020-08-24,136,257,46,69.0,259.0,53.0,1726.0,1.5,-0.0024393549261418463
2020-08-25,109,233,55,136.0,257.0,46.0,1726.0,1.5,0.00874949522142942
2020-08-26,255,310,89,109.0,233.0,55.0,1726.0,1.5,-0.00372538584353381
2020-08-27,196,341,111,255.0,310.0,89.0,1726.0,1.5,-0.008281020435421458
2020-08-28,206,265,76,196.0,341.0,111.0,1726.0,0.3,-0.000268348316114263
2020-08-31,298,325,111,206.0,265.0,76.0,1726.0,0.3,0.0024032042723630517
2020-09-01,282,563,87,298.0,325.0,111.0,1726.0,0.3,-0.013338668800853676
2020-09-02,87,371,80,282.0,563.0,87.0,1726.0,0.3,0.013683782685272877
2020-09-03,81,450,126,87.0,371.0,80.0,1726.0,0.3,0.008260058619770909
2020-09-04,109,455,107,81.0,450.0,126.0,1726.0,0.3,-0.021868787276342026
2020-09-08,104,283,87,109.0,455.0,107.0,1583.0,0.3,-0.017532119914346927
2020-09-09,47,306,54,104.0,283.0,87.0,1583.0,0.3,-0.011591003173727106
2020-09-10,40,284,82,47.0,306.0,54.0,1583.0,0.3,0.0017978149633521704
2020-09-11,46,248,75,40.0,284.0,82.0,1583.0,0.3,-0.017054050336954958
2020-09-14,56,812,24,46.0,248.0,75.0,1583.0,0.3,-0.011558278791254676
2020-09-15,49,264,80,56.0,812.0,24.0,1583.0,0.3,0.008519553072625691
2020-09-16,189,319,82,49.0,264.0,80.0,1583.0,0.3,-0.007965938744677905
2020-09-17,144,267,84,189.0,319.0,82.0,1583.0,0.3,0.0020669698222406736
2020-09-18,48,842,51,144.0,267.0,84.0,1583.0,0.3,0.005856107083100972
2020-09-21,-52,275,79,48.0,842.0,51.0,1583.0,0.3,-0.007883817427385798
2020-09-22,104,185,51,-52.0,275.0,79.0,1583.0,0.3,-0.013675213675213788
2020-09-23,72,350,92,104.0,185.0,51.0,1583.0,0.3,0.0033131662345146067
2020-09-24,45,248,71,72.0,350.0,92.0,1583.0,0.3,-0.02737752161383293
2020-09-25,-28,128,57,45.0,248.0,71.0,1583.0,0.3,0.00385128129166036
2020-09-28,138,155,35,-28.0,128.0,57.0,1583.0,0.3,0.014668839828122822
2020-09-29,60,208,80,138.0,155.0,35.0,1583.0,0.3,0.016452590561408582
2020-09-30,152,177,46,60.0,208.0,80.0,1583.0,0.3,-0.005114362835630053
2020-10-01,84,507,65,152.0,177.0,46.0,1583.0,0.0,0.0009977194982897293
2020-10-02,93,204,57,84.0,507.0,65.0,1583.0,0.0,0.007638987126892153
2020-10-05,100,153,55,93.0,204.0,57.0,716.0,0.0,0.029340203234578463
2020-10-06,116,216,56,100.0,153.0,55.0,716.0,0.0,0.012530983200220277
2020-10-07,99,208,47,116.0,216.0,56.0,716.0,0.0,-0.0086311530681052
2020-10-08,124,235,56,99.0,208.0,47.0,716.0,0.0,0.0034993270524899746
2020-10-09,156,233,60,124.0,235.0,56.0,716.0,0.0,0.007052561543579522
2020-10-12,129,209,64,156.0,233.0,60.0,716.0,0.0,-0.0032752521944189703
2020-10-13,151,234,74,129.0,209.0,64.0,716.0,0.0,0.0023557126030625155
2020-10-14,110,247,73,151.0,234.0,74.0,716.0,0.0,-0.004992773617133036
2020-10-15,145,284,55,110.0,247.0,73.0,716.0,0.0,-0.008166491043203432
2020-10-16,160,251,59,145.0,284.0,55.0,716.0,0.0,0.024721214564019732
2020-10-19,49,108,40,160.0,251.0,59.0,716.0,0.0,-0.0065505043888379405
2020-10-20,-78,232,54,49.0,108.0,40.0,716.0,0.0,-0.01484303165637719
2020-10-21,132,324,83,-78.0,232.0,54.0,716.0,0.0,0.00026493575308001366
2020-10-22,217,273,54,132.0,324.0,83.0,716.0,0.0,-0.006877397169686497
2020-10-23,221,227,51,217.0,273.0,54.0,716.0,0.0,0.011933174224343562
2020-10-26,108,202,41,221.0,227.0,51.0,716.0,0.0,0.0
2020-10-27,75,230,54,108.0,202.0,41.0,716.0,0.0,-0.008451076191733797
2020-10-28,86,282,46,75.0,230.0,54.0,716.0,0.0,-0.011998400213304969
2020-10-29,76,259,51,86.0,282.0,46.0,716.0,0.0,-0.008693252380295231
2020-10-30,-2,215,46,76.0,259.0,51.0,716.0,0.3,0.017008225289279224
2020-11-02,73,155,41,-2.0,215.0,46.0,716.0,0.3,-0.0075788893482154765
2020-11-03,62,172,46,73.0,155.0,41.0,716.0,0.3,0.008917546988613056
2020-11-04,17,190,40,62.0,172.0,46.0,716.0,0.3,0.009642426677380458
2020-11-05,5,12,3,17.0,190.0,40.0,716.0,0.3,0.000401929260450176
2020-11-06,-25,57,12,5.0,12.0,3.0,716.0,0.3,0.018822905620360576
2020-11-09,122,376,53,-25.0,57.0,12.0,680.0,0.3,-0.012712414061486623
2020-11-10,103,275,41,122.0,376.0,53.0,680.0,0.3,-0.01554787759131299
2020-11-11,51,207,33,103.0,275.0,41.0,680.0,0.3,0.01752205790978
2020-11-12,89,279,48,51.0,207.0,33.0,680.0,0.3,-0.011544537610888356
2020-11-13,120,532,52,89.0,279.0,48.0,680.0,0.3,-0.0120392205535559
2020-11-16,145,16019,31,120.0,532.0,52.0,680.0,0.3,0.017428109050168127
2020-11-17,64,5330,39,145.0,16019.0,31.0,680.0,0.3,0.006575801052128134
2020-11-18,139,3540,64,64.0,5330.0,39.0,680.0,0.3,0.01255830642267668
2020-11-19,139,1250,67,139.0,3540.0,64.0,680.0,0.3,-0.018344308560677355
2020-11-20,233,406,73,139.0,1250.0,67.0,680.0,0.3,0.008285302593659914
2020-11-23,382,462,75,233.0,406.0,73.0,680.0,0.3,0.003589375448671897
2020-11-24,399,646,92,382.0,462.0,75.0,680.0,0.3,0.01322157950655182
2020-11-25,636,1090,145,399.0,646.0,92.0,680.0,0.3,0.01068965517241387
2020-11-27,456,1580,177,636.0,1090.0,145.0,680.0,0.3,-0.004904756473137982
2020-11-30,495,986,172,456.0,1580.0,177.0,680.0,0.3,-0.0017193947730397925
2020-12-01,361,798,143,495.0,986.0,172.0,680.0,0.3,-0.0191244239631336
2020-12-02,380,650,175,361.0,798.0,143.0,680.0,0.3,-0.001507945713954245
2020-12-03,115,282,67,380.0,650.0,175.0,680.0,0.3,0.006986492780624225
2020-12-04,309,545,66,115.0,282.0,67.0,680.0,0.3,0.0024182404421924657
2020-12-07,293,306,84,309.0,545.0,66.0,264.0,0.3,0.017449817518248024
2020-12-08,402,333,134,293.0,306.0,84.0,264.0,0.3,-0.0023542600896861877
2020-12-09,203,334,97,402.0,333.0,134.0,264.0,0.3,0.014714204867006355
2020-12-10,298,310,87,203.0,334.0,97.0,264.0,0.3,-0.007549044447862003
2020-12-11,427,252,100,298.0,310.0,87.0,264.0,0.3,0.011674898967220545
2020-12-14,277,173,76,427.0,252.0,100.0,264.0,0.3,-0.0008941544651838414
2020-12-15,280,163,63,277.0,173.0,76.0,264.0,0.3,-0.012216792536650471
2020-12-16,251,247,107,280.0,163.0,63.0,264.0,0.3,0.0180682578630382
2020-12-17,151,885,44,251.0,247.0,107.0,264.0,0.3,-0.0069968295616049045
2020-12-18,118,2765,59,151.0,885.0,44.0,264.0,0.3,0.00526488976637056
2020-12-21,283,187,70,118.0,2765.0,59.0,264.0,0.3,-0.011530512346350507
2020-12-22,231,202,67,283.0,187.0,70.0,264.0,0.3,0.011505808757819496
2020-12-23,257,224,86,231.0,202.0,67.0,264.0,0.0,0.004630650496141143
2020-12-24,142,321,85,257.0,224.0,86.0,264.0,0.0,0.00491588376665926
2020-12-28,249,201,83,142.0,321.0,85.0,264.0,0.0,-0.003355704697986602
2020-12-29,283,271,78,249.0,201.0,83.0,264.0,0.0,-0.005488001721726085
2020-12-30,309,168,68,283.0,271.0,78.0,264.0,0.0,-0.019112406867508862
2020-12-31,261,207,118,309.0,168.0,68.0,264.0,0.0,0.006250685382169179
2021-01-04,329,144,83,261.0,207.0,118.0,264.0,0.0,0.0019624945486263284
2021-01-05,392,144,100,329.0,144.0,83.0,264.0,0.0,-0.015783783783783718
2021-01-06,123,280,52,392.0,144.0,100.0,264.0,0.0,0.02389604669089309
2021-01-07,239,373,57,123.0,280.0,52.0,264.0,0.0,0.03723404255319149
2021-01-08,220,365,69,239.0,373.0,57.0,264.0,0.0,0.006743639521814618
2021-01-11,251,816,69,220.0,365.0,69.0,-227.0,0.0,-0.016307630360378543
2021-01-12,298,564,67,251.0,816.0,69.0,-227.0,0.0,0.013001754204932464
2021-01-13,383,2090,105,298.0,564.0,67.0,-227.0,0.0,0.013395575400852377
2021-01-14,443,2319,125,383.0,2090.0,105.0,-227.0,0.0,-0.009803921568627348
2021-01-15,600,2631,146,443.0,2319.0,125.0,-227.0,0.0,0.01451742090508613
2021-01-19,365,1798,124,600.0,2631.0,146.0,-227.0,0.0,-0.005295234289139785
2021-01-20,367,1781,118,365.0,1798.0,124.0,-227.0,0.0,-0.0016885180770759007
2021-01-21,475,1188,154,367.0,1781.0,118.0,-227.0,0.0,0.0008914421553090671
2021-01-22,781,1556,326,475.0,1188.0,154.0,-227.0,0.0,-0.014258226848882463
2021-01-25,1379,3879,523,781.0,1556.0,326.0,-227.0,0.0,0.022024651444736237
2021-01-26,541,2106,480,1379.0,3879.0,523.0,-227.0,0.0,0.0008891523414345328
2021-01-27,1033,145439,1037,541.0,2106.0,480.0,-227.0,0.0,-0.006764042740907871
2021-01-28,-3588,222363,2711,1033.0,145439.0,1037.0,-227.0,0.0,0.0031771247021446327
2021-01-29,-526,1951,678,-3588.0,222363.0,2711.0,-227.0,0.1,-0.022406475175204776
2021-02-01,53,947723,338,-526.0,1951.0,678.0,-227.0,0.1,-0.014245302081228641
2021-02-02,-388,1043095,556,53.0,947723.0,338.0,-227.0,0.1,0.008121827411167484
2021-02-03,251,476223,276,-388.0,1043095.0,556.0,-227.0,0.1,-0.0043995600439957205
2021-02-04,-227,439712,698,251.0,476223.0,276.0,-227.0,0.1,-0.0014988009592325287
