date,Neg_Count,Pos_Count,favorites,Count,negcount1day,poscount1day,favcount1day,econcount1day,job_change1day,growthgap1day,change1day
2016-01-26,72,72,500,11,15.0,26.0,563.0,4.0,273.0,-0.5,-0.012005054759898912
2016-01-27,36,42,337,8,72.0,72.0,500.0,11.0,273.0,-0.5,0.009446980150727105
2016-01-28,33,42,608,3,36.0,42.0,337.0,8.0,273.0,-0.5,-0.0076484861272287
2016-01-29,33,30,157,3,33.0,42.0,608.0,3.0,273.0,-0.5,-0.004474626237102518
2016-02-01,24,23,276,6,33.0,30.0,157.0,3.0,273.0,-0.1,0.019471634564782597
2016-02-02,26,33,264,5,24.0,23.0,276.0,6.0,273.0,-0.1,0.005817275229834335
2016-02-03,32,46,433,4,26.0,33.0,264.0,5.0,273.0,-0.1,-0.009376953531985891
2016-02-04,19,25,177,4,32.0,46.0,433.0,4.0,273.0,-0.1,-0.000574682618462908
2016-02-05,39,47,501,3,19.0,25.0,177.0,4.0,273.0,-0.1,0.004666771537937111
2016-02-08,40,36,502,7,39.0,47.0,501.0,3.0,108.0,-0.1,-0.01591706372061375
2016-02-09,49,52,757,9,40.0,36.0,502.0,7.0,108.0,-0.1,-0.001884050169564637
2016-02-10,35,47,352,8,49.0,52.0,757.0,9.0,108.0,-0.1,0.011289267015706768
2016-02-11,61,57,259,10,35.0,47.0,352.0,8.0,108.0,-0.1,-0.006115551740786366
2016-02-12,42,58,381,6,61.0,57.0,259.0,10.0,108.0,-0.1,0.0028518152901174194
2016-02-16,54,48,687,3,42.0,58.0,381.0,6.0,108.0,-0.1,0.009028979238754255
2016-02-17,26,37,356,4,54.0,48.0,687.0,3.0,108.0,-0.1,0.005350426444879965
2016-02-18,42,53,313,6,26.0,37.0,356.0,4.0,108.0,-0.1,0.008997698263234979
2016-02-19,35,59,509,3,42.0,53.0,313.0,6.0,108.0,-0.1,-0.005745341614906756
2016-02-22,28,32,198,8,35.0,59.0,509.0,3.0,108.0,-0.1,0.0043416854108908965
2016-02-23,11,13,138,4,28.0,32.0,198.0,8.0,108.0,-0.1,0.0046938670242946115
2016-02-24,20,35,637,5,11.0,13.0,138.0,4.0,108.0,-0.1,-0.008659793814433025
2016-02-25,48,65,308,9,20.0,35.0,637.0,5.0,108.0,-0.1,0.01348161359702037
2016-02-26,27,31,536,8,48.0,65.0,308.0,9.0,108.0,-0.1,0.009342899912249021
2016-02-29,29,32,181,4,27.0,31.0,536.0,8.0,108.0,-0.4,-0.007529124484916262
2016-03-01,24,40,336,6,29.0,32.0,181.0,4.0,108.0,-0.4,-0.007944236584490857
2016-03-02,34,62,755,4,24.0,40.0,336.0,6.0,108.0,-0.4,0.015896620686118777
2016-03-03,89,83,451,13,34.0,62.0,755.0,4.0,108.0,-0.4,0.006372003641144893
2016-03-04,70,68,511,7,89.0,83.0,451.0,13.0,108.0,-0.4,0.0049801297852005095
2016-03-07,48,49,380,8,70.0,68.0,511.0,7.0,212.0,-0.4,0.002099895005249817
2016-03-08,33,30,250,4,48.0,49.0,380.0,8.0,212.0,-0.4,0.0062706932878499036
2016-03-09,46,52,589,6,33.0,30.0,250.0,4.0,212.0,-0.4,-0.004615693357415149
2016-03-10,16,23,289,3,46.0,52.0,589.0,6.0,212.0,-0.4,0.00010032102728722816
2016-03-11,15,23,218,1,16.0,23.0,289.0,3.0,212.0,-0.4,-0.002100420084016883
2016-03-14,31,27,444,7,15.0,23.0,218.0,1.0,212.0,-0.4,0.0074530458113882545
2016-03-15,34,49,355,7,31.0,27.0,444.0,7.0,212.0,-0.4,0.0016818361693708122
2016-03-16,42,34,571,5,34.0,49.0,355.0,7.0,212.0,-0.4,0.004022646007151241
2016-03-17,55,77,1058,10,42.0,34.0,571.0,5.0,212.0,-0.4,0.008630952380952427
2016-03-18,54,54,387,8,55.0,77.0,1058.0,10.0,212.0,-0.4,0.0068392048809288826
2016-03-21,30,45,242,5,54.0,54.0,387.0,8.0,212.0,-0.4,0.0010285546358427189
2016-03-22,57,77,498,9,30.0,45.0,242.0,5.0,212.0,-0.4,0.002940167589552577
2016-03-23,58,70,947,6,57.0,77.0,498.0,9.0,212.0,-0.4,0.003926187671770767
2016-03-24,70,50,474,6,58.0,70.0,947.0,6.0,212.0,-0.4,-0.004409387095193795
2016-03-28,41,63,701,9,70.0,50.0,474.0,6.0,212.0,-0.8,0.005544554455445567
2016-03-29,42,97,655,8,41.0,63.0,701.0,9.0,212.0,-0.8,-0.0018171995481558105
2016-03-30,69,64,534,12,42.0,97.0,655.0,8.0,212.0,-0.8,0.01163937660288032
2016-03-31,80,72,618,13,69.0,64.0,534.0,12.0,212.0,-0.8,-0.0013572467280659286
2016-04-01,62,115,697,20,80.0,72.0,618.0,13.0,212.0,-0.8,-0.0018940313729298548
2016-04-04,41,64,728,8,62.0,115.0,697.0,20.0,237.0,-0.8,0.012576461952532387
2016-04-05,58,84,526,7,41.0,64.0,728.0,8.0,237.0,-0.8,-0.0028042353623749573
2016-04-06,46,67,505,5,58.0,84.0,526.0,7.0,237.0,-0.8,-0.0023452386768944627
2016-04-07,37,56,662,8,46.0,67.0,505.0,5.0,237.0,-0.8,0.010921200842352659
2016-04-08,38,57,629,4,37.0,56.0,662.0,8.0,237.0,-0.8,-0.005800916447304271
2016-04-11,97,116,453,21,38.0,57.0,629.0,4.0,237.0,-0.8,-0.00409077627349763
2016-04-12,69,108,860,8,97.0,116.0,453.0,21.0,237.0,-0.8,-0.005992691839220413
2016-04-13,68,83,834,14,69.0,108.0,860.0,8.0,237.0,-0.8,0.008324356086573248
2016-04-14,43,51,440,7,68.0,83.0,834.0,14.0,237.0,-0.8,0.004830917874396135
2016-04-15,50,49,433,4,43.0,51.0,440.0,7.0,237.0,-0.8,-0.00028836449271880753
2016-04-18,59,90,657,10,50.0,49.0,433.0,4.0,237.0,-0.8,-0.001105716071342675
2016-04-19,102,80,593,8,59.0,90.0,657.0,10.0,237.0,-0.8,0.007026662816440504
2016-04-20,83,90,521,9,102.0,80.0,593.0,8.0,237.0,-0.8,0.0007628492419185497
2016-04-21,69,73,574,9,83.0,90.0,521.0,9.0,237.0,-0.8,0.000714455822814983
2016-04-22,43,54,549,5,69.0,73.0,574.0,9.0,237.0,-0.8,-0.005473063011612439
2016-04-25,45,53,637,6,43.0,54.0,549.0,5.0,237.0,-0.8,0.0020139055382401697
2016-04-26,56,83,1063,7,45.0,53.0,637.0,6.0,237.0,-0.8,0.0016805915682321267
2016-04-27,37,52,487,6,56.0,83.0,1063.0,7.0,237.0,-0.8,-0.0005740528128588048
2016-04-28,38,43,1031,11,37.0,52.0,487.0,6.0,237.0,-0.8,0.0042212308725475866
2016-04-29,58,62,566,10,38.0,43.0,1031.0,11.0,237.0,1.8,-0.004845054207042211
2016-05-02,23,43,825,4,58.0,62.0,566.0,10.0,237.0,1.8,-0.001886609907120677
2016-05-03,58,77,891,7,23.0,43.0,825.0,4.0,237.0,1.8,0.005074424898511557
2016-05-04,17,43,473,4,58.0,77.0,891.0,7.0,237.0,1.8,-0.0017431725740849006
2016-05-05,47,79,472,11,17.0,43.0,473.0,4.0,237.0,1.8,9.75657349138095e-05
2016-05-06,49,65,772,6,47.0,79.0,472.0,11.0,237.0,1.8,-0.002870208211714358
2016-05-09,17,36,449,3,49.0,65.0,772.0,6.0,197.0,1.8,0.008134862295403295
2016-05-10,34,57,406,5,17.0,36.0,449.0,3.0,197.0,1.8,0.001556647370725267
2016-05-11,40,68,436,6,34.0,57.0,406.0,5.0,197.0,1.8,0.008368808049535555
2016-05-12,40,50,1007,12,40.0,68.0,436.0,6.0,197.0,1.8,-0.006781780578134754
2016-05-13,57,75,446,7,40.0,50.0,1007.0,12.0,197.0,1.8,-0.0035216363548651155
2016-05-16,29,45,411,8,57.0,75.0,446.0,7.0,197.0,1.8,-0.007031666747490505
2016-05-17,55,78,1716,16,29.0,45.0,411.0,8.0,197.0,1.8,0.008879781420764994
2016-05-18,55,47,420,11,55.0,78.0,1716.0,16.0,197.0,1.8,-0.007798120701346573
2016-05-19,32,31,868,4,55.0,47.0,420.0,11.0,197.0,1.8,0.002298963020935232
2016-05-20,33,51,713,4,32.0,31.0,868.0,4.0,197.0,1.8,0.0006860727237086463
2016-05-23,34,61,769,4,33.0,51.0,713.0,4.0,197.0,1.8,0.002781573296896455
2016-05-24,65,56,487,11,34.0,61.0,769.0,4.0,197.0,1.8,-0.001459782978930383
2016-05-25,53,55,482,8,65.0,56.0,487.0,11.0,197.0,1.8,0.008245622544502194
2016-05-26,41,73,401,6,53.0,55.0,482.0,8.0,197.0,1.8,0.002923275986006679
2016-05-27,77,71,1087,9,41.0,73.0,401.0,6.0,197.0,1.8,-0.0004774637127578033
2016-05-31,40,54,800,11,77.0,71.0,1087.0,9.0,197.0,1.5,0.003388536247792717
2016-06-01,32,62,910,7,40.0,54.0,800.0,11.0,197.0,1.5,-0.0034194528875379888
2016-06-02,40,33,740,6,32.0,62.0,910.0,7.0,197.0,1.5,0.005499234889058941
2016-06-03,13,15,540,1,40.0,33.0,740.0,6.0,197.0,1.5,0.005290753098188682
2016-06-06,40,42,456,10,13.0,15.0,540.0,1.0,41.0,1.5,0.000142687277051135
2016-06-07,57,135,654,9,40.0,42.0,456.0,10.0,41.0,1.5,0.0030849549121974643
2016-06-08,40,57,492,8,57.0,135.0,654.0,9.0,41.0,1.5,0.0007091192738618903
2016-06-09,96,96,469,13,40.0,57.0,492.0,8.0,41.0,1.5,0.0025018882175226642
2016-06-10,16,24,275,4,96.0,96.0,469.0,13.0,41.0,1.5,0.0026949080421730487
2016-06-13,34,60,297,5,16.0,24.0,275.0,4.0,41.0,1.5,-0.0018530837213723023
2016-06-14,36,35,786,5,34.0,60.0,297.0,5.0,41.0,1.5,-0.004346580053496489
2016-06-15,22,33,402,5,36.0,35.0,786.0,5.0,41.0,1.5,0.00019230769230765404
2016-06-16,45,48,529,7,22.0,33.0,402.0,5.0,41.0,1.5,-0.0013939626994808306
2016-06-17,65,69,481,5,45.0,48.0,529.0,7.0,41.0,1.5,0.002984356197352609
2016-06-20,51,49,1325,8,65.0,69.0,481.0,5.0,41.0,1.5,-0.003137519911183942
2016-06-21,66,90,2709,16,51.0,49.0,1325.0,8.0,41.0,1.5,-0.004645148932094622
2016-06-22,44,69,584,11,66.0,90.0,2709.0,16.0,41.0,1.5,0.0006721075372058874
2016-06-23,29,35,812,3,44.0,69.0,584.0,11.0,41.0,1.5,-0.0026359932901989518
2016-06-24,104,72,1805,9,29.0,35.0,812.0,3.0,41.0,1.5,0.004766217053524618
2016-06-27,47,51,1293,11,104.0,72.0,1805.0,9.0,41.0,1.5,-0.001915238422629212
2016-06-28,76,94,1624,18,47.0,51.0,1293.0,11.0,41.0,1.5,-0.009871521404831636
2016-06-29,57,71,1524,13,76.0,94.0,1624.0,18.0,41.0,1.2,0.008536827476672617
2016-06-30,88,100,1040,14,57.0,71.0,1524.0,13.0,41.0,1.2,0.008884983401679326
2016-07-01,57,71,772,4,88.0,100.0,1040.0,14.0,41.0,1.2,0.010955069736016513
2016-07-05,33,34,481,10,57.0,71.0,772.0,4.0,41.0,1.2,0.0021004391827381982
2016-07-06,45,48,710,5,33.0,34.0,481.0,10.0,41.0,1.2,-0.0025843503230437524
2016-07-07,67,103,780,13,45.0,48.0,710.0,5.0,41.0,1.2,0.008805273540874677
2016-07-08,107,91,1140,14,67.0,103.0,780.0,13.0,41.0,1.2,-0.0016200505074570133
2016-07-11,49,61,1035,6,107.0,91.0,1140.0,14.0,258.0,1.2,0.00758114190950009
2016-07-12,62,98,805,11,49.0,61.0,1035.0,6.0,258.0,1.2,0.0009850368216145595
2016-07-13,43,55,773,9,62.0,98.0,805.0,11.0,258.0,1.2,0.001957768144315422
2016-07-14,106,141,1480,15,43.0,55.0,773.0,9.0,258.0,1.2,-0.002413665057556676
2016-07-15,61,48,335,7,106.0,141.0,1480.0,15.0,258.0,1.2,-0.0012939001848428888
2016-07-18,77,84,2096,11,61.0,48.0,335.0,7.0,258.0,1.2,-0.00438232309253616
2016-07-19,56,127,967,10,77.0,84.0,2096.0,11.0,258.0,1.2,0.0020373199981478804
2016-07-20,54,103,752,10,56.0,127.0,967.0,10.0,258.0,1.2,0.0012504631344943044
2016-07-21,53,78,1890,6,54.0,103.0,752.0,10.0,258.0,1.2,0.0041630047643277015
2016-07-22,49,91,766,8,53.0,78.0,1890.0,6.0,258.0,1.2,-0.003180309734513264
2016-07-25,120,125,557,13,49.0,91.0,766.0,8.0,258.0,1.2,0.0038353126010813392
2016-07-26,57,66,570,10,120.0,125.0,557.0,13.0,258.0,1.2,-0.0016129032258064256
2016-07-27,77,124,1149,11,57.0,66.0,570.0,10.0,258.0,1.2,0.0010160254930032737
2016-07-28,65,91,805,13,77.0,124.0,1149.0,11.0,258.0,1.2,-0.0030848565771904213
2016-07-29,45,65,814,6,65.0,91.0,805.0,13.0,258.0,1.2,0.0022192426834343627
2016-08-01,37,36,343,4,45.0,65.0,814.0,6.0,258.0,0.1,0.0030490621823893397
2016-08-02,77,103,1054,15,37.0,36.0,343.0,4.0,258.0,0.1,-0.0011510658870113725
2016-08-03,57,51,1175,6,77.0,103.0,1054.0,15.0,258.0,0.1,-0.0050773136395107065
2016-08-04,38,49,903,3,57.0,51.0,1175.0,6.0,258.0,0.1,0.003248561351401601
2016-08-05,47,53,462,2,38.0,49.0,903.0,3.0,258.0,0.1,0.000462299477601564
2016-08-08,37,54,458,4,47.0,53.0,462.0,2.0,371.0,0.1,0.008178919643269767
2016-08-09,30,57,493,6,37.0,54.0,458.0,4.0,371.0,0.1,-0.0016025641025640765
2016-08-10,54,72,663,7,30.0,57.0,493.0,6.0,371.0,0.1,0.00022922110667955518
2016-08-11,62,80,657,5,54.0,72.0,663.0,7.0,371.0,0.1,-0.0030690302780450552
2016-08-12,50,67,847,7,62.0,80.0,657.0,5.0,371.0,0.1,0.0017868597086044844
2016-08-15,30,48,624,12,50.0,67.0,847.0,7.0,371.0,0.1,0.000778780521324916
2016-08-16,47,123,906,10,30.0,48.0,624.0,12.0,371.0,0.1,0.0009137009456805568
2016-08-17,44,66,839,9,47.0,123.0,906.0,10.0,371.0,0.1,-0.0029277218664226275
2016-08-18,41,59,552,11,44.0,66.0,839.0,9.0,371.0,0.1,0.0016972477064220392
2016-08-19,36,67,1173,6,41.0,59.0,552.0,11.0,371.0,0.1,0.002381606668498719
2016-08-22,28,47,2477,6,36.0,67.0,1173.0,6.0,371.0,0.1,0.001053547707388529
2016-08-23,57,64,1280,7,28.0,47.0,2477.0,6.0,371.0,0.1,0.0012370567213415662
2016-08-24,88,114,2017,22,57.0,64.0,1280.0,7.0,371.0,0.1,-0.0012770809578107234
2016-08-25,57,53,1097,5,88.0,114.0,2017.0,22.0,371.0,0.1,-0.0043418647166362755
2016-08-26,98,97,1259,12,57.0,53.0,1097.0,5.0,371.0,0.1,0.0013799448022078333
2016-08-29,33,55,887,5,98.0,97.0,1259.0,12.0,371.0,0.2,-0.002890969162995574
2016-08-30,82,82,812,12,33.0,55.0,887.0,5.0,371.0,0.2,0.0042310522442973505
2016-08-31,68,38,1233,2,82.0,82.0,812.0,12.0,371.0,0.2,-0.0011912398057362364
2016-09-01,140,133,1102,18,68.0,38.0,1233.0,2.0,371.0,0.2,-0.0010569367216580958
2016-09-02,39,61,1757,6,140.0,133.0,1102.0,18.0,371.0,0.2,9.200901688357092e-05
2016-09-06,43,64,744,4,39.0,61.0,1757.0,6.0,143.0,0.2,-9.157928476570269e-05
2016-09-07,57,53,1329,7,43.0,64.0,744.0,4.0,143.0,0.2,0.0015089163237311956
2016-09-08,55,64,885,8,57.0,53.0,1329.0,7.0,143.0,0.2,0.0007768232498628564
2016-09-09,41,52,1535,15,55.0,64.0,885.0,8.0,143.0,0.2,-0.0005031561613759658
2016-09-12,69,60,1863,11,41.0,52.0,1535.0,15.0,143.0,0.2,-0.01700695948748674
2016-09-13,45,59,750,6,69.0,60.0,1863.0,11.0,143.0,0.2,0.01859786242290135
2016-09-14,82,77,798,11,45.0,59.0,750.0,6.0,143.0,0.2,-0.007493948985291443
2016-09-15,53,75,2020,16,82.0,77.0,798.0,11.0,143.0,0.2,-0.0006563833278634084
2016-09-16,82,114,620,14,53.0,75.0,2020.0,16.0,143.0,0.2,0.010894064613072844
2016-09-19,27,31,730,1,82.0,114.0,620.0,14.0,143.0,0.2,-0.0005152707513583719
2016-09-20,83,120,4170,13,27.0,31.0,730.0,1.0,143.0,0.2,-0.003362443375519539
2016-09-21,48,71,1460,11,83.0,120.0,4170.0,13.0,143.0,0.2,-0.004617321953267147
2016-09-22,39,39,798,4,48.0,71.0,1460.0,11.0,143.0,0.2,0.007374906646751231
2016-09-23,40,53,1284,10,39.0,39.0,798.0,4.0,143.0,0.2,0.0008294930875576351
2016-09-26,33,43,989,7,40.0,53.0,1284.0,10.0,143.0,0.2,-0.0033684016242155304
2016-09-27,55,106,3680,20,33.0,43.0,989.0,7.0,143.0,0.2,-0.003627569528415967
2016-09-28,40,48,711,2,55.0,106.0,3680.0,20.0,143.0,0.2,0.0071011445923848705
2016-09-29,34,40,727,6,40.0,48.0,711.0,2.0,143.0,0.2,0.0037529537135707436
2016-09-30,40,63,1407,6,34.0,40.0,727.0,6.0,143.0,-0.1,-0.007948243992606279
2016-10-03,36,24,996,2,40.0,63.0,1407.0,6.0,143.0,-0.1,0.0030141432877347817
2016-10-04,32,77,1401,9,36.0,24.0,996.0,2.0,143.0,-0.1,-0.00018533963488088245
2016-10-05,48,45,1338,5,32.0,77.0,1401.0,9.0,143.0,-0.1,-0.005696818118660506
2016-10-06,78,83,1221,5,48.0,45.0,1338.0,5.0,143.0,-0.1,0.0010213082029617883
2016-10-07,45,80,673,12,78.0,83.0,1221.0,5.0,143.0,-0.1,0.0019037006082555446
2016-10-10,48,34,361,7,45.0,80.0,673.0,12.0,289.0,-0.1,-0.0049051365108746066
2016-10-11,46,27,386,6,48.0,34.0,361.0,7.0,289.0,-0.1,0.0
2016-10-12,27,35,1149,3,46.0,27.0,386.0,6.0,289.0,-0.1,-0.010340350551794443
2016-10-13,64,84,1497,9,27.0,35.0,1149.0,3.0,289.0,-0.1,0.0005618240554333281
2016-10-14,26,33,448,2,64.0,84.0,1497.0,9.0,289.0,-0.1,0.00400641025641023
2016-10-18,25,21,420,5,26.0,33.0,448.0,2.0,289.0,-0.1,-0.004809712818118147
2016-10-19,66,69,484,7,25.0,21.0,420.0,5.0,289.0,-0.1,-0.00247386109036595
2016-10-20,93,74,792,9,66.0,69.0,484.0,7.0,289.0,-0.1,0.0012148397346042
2016-10-21,50,53,590,13,93.0,74.0,792.0,9.0,289.0,-0.1,4.67573759760177e-05
2016-10-24,67,82,898,5,50.0,53.0,590.0,13.0,289.0,-0.1,0.0004675518982606804
2016-10-25,50,41,1451,7,67.0,82.0,898.0,5.0,289.0,-0.1,-0.0005116279069768076
2016-10-26,23,26,591,4,50.0,41.0,1451.0,7.0,289.0,-0.1,-0.0023756288429291005
2016-10-27,56,60,902,7,23.0,26.0,591.0,4.0,289.0,-0.1,0.002485812110126172
2016-10-28,57,59,1345,11,56.0,60.0,902.0,7.0,289.0,-0.1,-0.006570975859819298
2016-11-01,50,45,473,7,57.0,59.0,1345.0,11.0,289.0,-0.7,-0.0028150511400956853
2016-11-02,41,51,1158,8,50.0,45.0,473.0,7.0,289.0,-0.7,-0.00901704785610302
2016-11-03,65,82,655,13,41.0,51.0,1158.0,8.0,289.0,-0.7,-0.0043199620223118755
2016-11-04,42,30,502,3,65.0,82.0,655.0,13.0,289.0,-0.7,-0.005762179151388199
2016-11-07,28,33,744,1,42.0,30.0,502.0,3.0,118.0,-0.7,-0.0017232300990856599
2016-11-08,60,74,948,8,28.0,33.0,744.0,1.0,118.0,-0.7,0.022057060656916774
2016-11-09,49,68,3053,10,60.0,74.0,948.0,8.0,118.0,-0.7,0.006676383468898471
2016-11-10,92,70,704,5,49.0,68.0,3053.0,10.0,118.0,-0.7,0.01888213966191077
2016-11-11,40,52,438,5,92.0,70.0,704.0,5.0,118.0,-0.7,-0.00174873446847687
2016-11-14,27,45,1221,9,40.0,52.0,438.0,5.0,118.0,-0.7,0.0015734912995185812
2016-11-15,80,104,5465,8,27.0,45.0,1221.0,9.0,118.0,-0.7,-0.0020273694880891943
2016-11-16,63,80,1171,5,80.0,104.0,5465.0,8.0,118.0,-0.7,0.005713232583855553
2016-11-17,85,107,2084,15,63.0,80.0,1171.0,5.0,118.0,-0.7,0.0014248942820371494
2016-11-18,52,83,1598,7,85.0,107.0,2084.0,15.0,118.0,-0.7,0.004310937858289373
2016-11-21,26,23,1269,2,52.0,83.0,1598.0,7.0,118.0,-0.7,-0.002601908065914973
2016-11-22,40,61,621,13,26.0,23.0,1269.0,2.0,118.0,-0.7,0.0044714148834239095
2016-11-23,19,35,864,8,40.0,61.0,621.0,13.0,118.0,-0.7,0.00031744592082001536
2016-11-25,11,16,535,5,19.0,35.0,864.0,8.0,118.0,-0.7,0.003273024820438217
2016-11-28,51,61,467,4,11.0,16.0,535.0,5.0,118.0,-0.7,0.001899592944369136
2016-11-29,28,38,546,10,51.0,61.0,467.0,4.0,118.0,-0.7,-0.0030746970519081518
2016-11-30,10,6,558,1,28.0,38.0,546.0,10.0,118.0,-1.0,0.0017685470705604317
2016-12-01,68,60,826,13,10.0,6.0,558.0,1.0,118.0,-1.0,-0.005640030681766909
2016-12-02,27,24,500,1,68.0,60.0,826.0,13.0,118.0,-1.0,-0.005255289267430782
2016-12-05,44,44,1579,1,27.0,24.0,500.0,1.0,130.0,-1.0,4.552282969918208e-05
2016-12-06,55,71,1930,6,44.0,44.0,1579.0,1.0,130.0,-1.0,0.0015862225243598199
2016-12-16,114,95,746,12,55.0,71.0,1930.0,6.0,130.0,-1.0,0.002169785733658755
2016-12-19,26,34,481,1,114.0,95.0,746.0,12.0,130.0,-1.0,-0.0042918454935622265
2016-12-20,19,30,588,1,26.0,34.0,481.0,1.0,130.0,-1.0,0.0012430632630410705
2016-12-21,72,68,713,10,19.0,30.0,588.0,1.0,130.0,-1.0,0.001105460977227504
2016-12-22,62,59,385,9,72.0,68.0,713.0,10.0,130.0,-1.0,-0.002121546961325922
2016-12-23,26,41,411,7,62.0,59.0,385.0,9.0,130.0,-1.3,-0.000975177304964534
2016-12-27,23,27,181,4,26.0,41.0,411.0,7.0,130.0,-1.3,0.0012420707093110993
2016-12-28,10,15,730,2,23.0,27.0,181.0,4.0,130.0,-1.3,0.0011060968055924254
2016-12-29,26,21,1063,1,10.0,15.0,730.0,2.0,130.0,-1.3,-0.00957761398243363
2016-12-30,15,25,477,3,26.0,21.0,1063.0,1.0,130.0,-1.3,-0.0005791161796150902
2017-01-04,31,35,1465,2,15.0,25.0,477.0,3.0,130.0,-1.3,-0.005339741022560357
2017-01-05,28,31,1268,3,31.0,35.0,1465.0,2.0,130.0,-1.3,0.0042549419377715106
2017-01-06,71,102,720,9,28.0,31.0,1268.0,3.0,130.0,-1.3,0.0005745348477482452
2017-01-09,104,120,551,18,71.0,102.0,720.0,9.0,214.0,-1.3,0.003001809914801601
2017-01-10,47,50,696,10,104.0,120.0,551.0,18.0,214.0,-1.3,-0.001983165131549904
2017-01-11,87,93,3245,14,47.0,50.0,696.0,10.0,214.0,-1.3,-8.83080183679875e-05
2017-01-12,48,76,2252,8,87.0,93.0,3245.0,14.0,214.0,-1.3,0.0032691288213464423
2017-01-13,134,124,671,22,48.0,76.0,2252.0,8.0,214.0,-1.3,0.00013245033112583283
2017-01-17,101,90,1018,13,134.0,124.0,671.0,22.0,214.0,-1.3,0.0014113703524016301
2017-01-18,44,54,430,11,101.0,90.0,1018.0,13.0,214.0,-1.3,-0.0002651230612876244
2017-01-19,121,126,1976,42,44.0,54.0,430.0,11.0,214.0,-1.3,0.0009269886112828107
2017-01-20,12,21,459,3,121.0,126.0,1976.0,42.0,214.0,-1.3,-0.00409980603068245
2017-01-23,21,34,796,2,12.0,21.0,459.0,3.0,214.0,-1.3,0.00017644464049413526
2017-01-24,24,31,406,1,21.0,34.0,796.0,2.0,214.0,-1.3,-0.002602099320807989
2017-01-25,60,65,1669,11,24.0,31.0,406.0,1.0,214.0,-1.3,0.005300353356890409
2017-01-26,58,71,13436,9,60.0,65.0,1669.0,11.0,214.0,-1.3,0.0038041101880192593
2017-01-27,234,250,11001,32,58.0,71.0,13436.0,9.0,214.0,-1.3,-0.0003051438535309205
2017-01-30,42,51,1350,5,234.0,250.0,11001.0,32.0,214.0,0.6,-0.0019614680498648267
2017-01-31,78,78,43414,10,42.0,51.0,1350.0,5.0,214.0,0.6,-0.0027172722093175092
2017-02-01,47,55,3016,5,78.0,78.0,43414.0,10.0,214.0,0.6,0.002423120979822061
2017-02-02,64,59,989,8,47.0,55.0,3016.0,5.0,214.0,0.6,0.00039555223487014197
2017-02-03,39,49,1664,5,64.0,59.0,989.0,8.0,214.0,0.6,0.0006589930586064745
2017-02-06,35,41,1747,5,39.0,49.0,1664.0,5.0,197.0,0.6,0.0022725286251202266
2017-02-07,52,104,3696,10,35.0,41.0,1747.0,5.0,197.0,0.6,0.0002621575566915816
2017-02-08,81,151,1403,9,52.0,104.0,3696.0,10.0,197.0,0.6,-0.0019182143168541184
2017-02-09,69,62,885,5,81.0,151.0,1403.0,9.0,197.0,0.6,0.001310387000961
2017-02-10,46,78,1272,2,69.0,62.0,885.0,5.0,197.0,0.6,0.005932647007502989
2017-02-13,97,87,768,13,46.0,78.0,1272.0,2.0,197.0,0.6,0.0022077922077921685
2017-02-14,40,54,675,8,97.0,87.0,768.0,13.0,197.0,0.6,0.0029731127197518
2017-02-15,75,74,2361,3,40.0,54.0,675.0,8.0,197.0,0.6,0.004901960784313666
2017-02-16,58,66,902,5,75.0,74.0,2361.0,3.0,197.0,0.6,0.006296851574212889
2017-02-17,57,65,990,5,58.0,66.0,902.0,5.0,197.0,0.6,-0.0009789316875930614
2017-02-21,94,136,5923,17,57.0,65.0,990.0,5.0,197.0,0.6,0.004872836076084697
2017-02-22,63,77,1096,3,94.0,136.0,5923.0,17.0,197.0,0.6,0.004118546195652169
2017-02-23,96,112,1376,16,63.0,77.0,1096.0,3.0,197.0,0.6,0.0011016015591898607
2017-02-24,63,92,1029,9,96.0,112.0,1376.0,16.0,197.0,0.6,-0.0018574805808848265
2017-02-27,45,64,2049,12,63.0,92.0,1029.0,9.0,197.0,0.6,0.005436167501911157
2017-02-28,66,81,2852,9,45.0,64.0,2049.0,12.0,197.0,0.6,0.001986139283299642
2017-03-01,89,95,1474,19,66.0,81.0,2852.0,9.0,197.0,0.6,-0.0008450585203024829
2017-03-02,91,130,1638,13,89.0,95.0,1474.0,19.0,197.0,0.6,0.005830781492512332
2017-03-03,90,117,1746,9,91.0,130.0,1638.0,13.0,197.0,0.6,-0.005384872265820639
2017-03-06,25,29,746,1,90.0,117.0,1746.0,9.0,197.0,0.6,0.0010496704034933034
2017-03-07,127,127,1092,20,25.0,29.0,746.0,1.0,197.0,0.6,0.000884210526315823
2017-03-08,68,61,905,6,127.0,127.0,1092.0,20.0,197.0,0.6,-0.0015166835187058207
2017-03-09,55,65,708,7,68.0,61.0,905.0,6.0,197.0,0.6,-0.0032864245386365603
2017-03-10,58,71,814,5,55.0,65.0,708.0,7.0,197.0,0.6,0.0006759611322350022
2017-03-13,53,93,1054,17,58.0,71.0,814.0,5.0,183.0,0.6,-0.001176618901542216
2017-03-14,42,54,1746,6,53.0,93.0,1054.0,17.0,183.0,0.6,0.0007995959936032223
2017-03-15,157,146,1354,21,42.0,54.0,1746.0,6.0,183.0,0.6,-0.0011805379880259765
2017-03-16,65,115,678,10,157.0,146.0,1354.0,21.0,183.0,0.6,0.005851153392827018
2017-03-17,36,61,597,3,65.0,115.0,678.0,10.0,183.0,0.6,-0.002634770607670209
2017-03-20,70,87,702,15,36.0,61.0,597.0,3.0,183.0,0.6,-0.003028391167192424
2017-03-21,182,130,849,41,70.0,87.0,702.0,15.0,183.0,0.6,-0.001096907564443281
2017-03-22,39,40,1121,6,182.0,130.0,849.0,41.0,183.0,0.6,-0.0157493578136186
2017-03-23,31,35,1849,5,39.0,40.0,1121.0,6.0,183.0,0.6,0.002181631518158835
2017-03-24,18,46,568,2,31.0,35.0,1849.0,5.0,183.0,0.6,-0.0010670991975414038
2017-03-27,21,30,1067,3,18.0,46.0,568.0,2.0,183.0,0.6,-0.002218619336120752
2017-03-28,135,152,1311,16,21.0,30.0,1067.0,3.0,183.0,0.6,0.0072866813262622235
2017-03-29,48,60,1550,2,135.0,152.0,1311.0,16.0,183.0,0.6,0.008788099627041551
2017-03-30,58,68,1383,21,48.0,60.0,1550.0,2.0,183.0,0.6,0.002340525128728809
2017-04-03,43,38,750,5,58.0,68.0,1383.0,21.0,183.0,0.4,0.0034823969083110085
2017-04-04,34,60,1898,5,43.0,38.0,750.0,5.0,183.0,0.4,-0.0019932145886344312
2017-04-05,71,99,1588,6,34.0,60.0,1898.0,5.0,183.0,0.4,0.0020425531914893182
2017-04-06,55,92,837,12,71.0,99.0,1588.0,6.0,183.0,0.4,-0.006264285109624946
2017-04-07,62,57,1101,6,55.0,92.0,837.0,12.0,183.0,0.4,0.0021282029454328766
2017-04-10,44,31,517,3,62.0,57.0,1101.0,6.0,139.0,0.4,0.00021263023601948944
2017-04-11,58,46,3570,5,44.0,31.0,517.0,3.0,139.0,0.4,-8.497620666217806e-05
2017-04-12,68,121,1125,12,58.0,46.0,3570.0,5.0,139.0,0.4,0.000681140911025954
2017-04-13,22,18,873,3,68.0,121.0,1125.0,12.0,139.0,0.4,-0.0030246229871347357
2017-04-17,15,30,696,4,22.0,18.0,873.0,3.0,139.0,0.4,-0.004836500599212444
2017-04-18,20,34,1398,3,15.0,30.0,696.0,4.0,139.0,0.4,0.006263137574535539
2017-04-19,50,49,917,3,20.0,34.0,1398.0,3.0,139.0,0.4,0.0006417935991785285
2017-04-20,40,42,2228,5,50.0,49.0,917.0,3.0,139.0,0.4,-0.004605150946614414
2017-04-21,21,23,518,1,40.0,42.0,2228.0,5.0,139.0,0.4,0.00508221225710014
2017-04-24,38,43,569,3,21.0,23.0,518.0,1.0,139.0,0.4,-0.0028055260361317604
2017-04-25,29,56,610,13,38.0,43.0,569.0,3.0,139.0,0.4,-4.2162071001009055e-05
2017-04-26,39,53,533,8,29.0,56.0,610.0,13.0,139.0,0.4,0.0026900928922702484
2017-04-27,33,50,1145,6,39.0,53.0,533.0,8.0,139.0,0.4,-0.00046119659553052375
2017-04-28,24,27,650,4,33.0,50.0,1145.0,6.0,139.0,0.4,-0.0007119822423253168
2017-05-01,24,40,1052,4,24.0,27.0,650.0,4.0,139.0,1.6,-0.003432398493093316
2017-05-02,27,38,2458,5,24.0,40.0,1052.0,4.0,139.0,1.6,0.0
2017-05-03,118,116,589,22,27.0,38.0,2458.0,5.0,139.0,1.6,-0.00029308323563889286
2017-05-04,53,53,2375,2,118.0,116.0,589.0,22.0,139.0,1.6,-0.0012145579427902185
2017-05-05,20,32,955,2,53.0,53.0,2375.0,2.0,139.0,1.6,-0.000293095507264672
2017-05-08,93,80,398,9,20.0,32.0,955.0,2.0,220.0,1.6,0.00213219616204687
2017-05-09,82,90,1067,8,93.0,80.0,398.0,9.0,220.0,1.6,-0.0003753910323253531
2017-05-10,84,99,1876,5,82.0,90.0,1067.0,8.0,220.0,1.6,-0.002167027837973038
2017-05-11,32,67,399,6,84.0,99.0,1876.0,5.0,220.0,1.6,0.0020050962863946624
2017-05-12,53,58,564,4,32.0,67.0,399.0,6.0,220.0,1.6,0.0001253394610403223
2017-05-15,19,42,734,1,53.0,58.0,564.0,4.0,220.0,1.6,-0.0004600777949726615
2017-05-16,57,79,1041,5,19.0,42.0,734.0,1.0,220.0,1.6,0.003465987388817023
2017-05-17,38,60,1488,4,57.0,79.0,1041.0,5.0,220.0,1.6,-0.00232712765957436
2017-05-18,46,67,680,7,38.0,60.0,1488.0,4.0,220.0,1.6,-0.017744085304898446
2017-05-19,107,101,1596,29,46.0,67.0,680.0,7.0,220.0,1.6,0.004411827090315278
2017-05-22,37,41,653,4,107.0,101.0,1596.0,29.0,220.0,1.6,0.0041292714785319574
2017-05-23,33,49,726,8,37.0,41.0,653.0,4.0,220.0,1.6,0.002595228128924255
2017-05-24,22,34,972,3,33.0,49.0,726.0,8.0,220.0,1.6,0.0004167534903105761
2017-05-25,35,77,1283,2,22.0,34.0,972.0,3.0,220.0,1.6,0.0012067243675100716
2017-05-26,27,25,578,3,35.0,77.0,1283.0,2.0,220.0,1.6,0.002321724709784421
2017-05-31,43,38,1679,5,27.0,25.0,578.0,3.0,220.0,1.1,0.0007038171731390905
2017-06-01,24,56,617,3,43.0,38.0,1679.0,5.0,220.0,1.1,-0.0016539861065167287
2017-06-02,19,29,603,3,24.0,56.0,617.0,3.0,220.0,1.1,0.005744513782700396
2017-06-05,38,50,826,3,19.0,29.0,603.0,3.0,141.0,1.1,0.0030810944047325608
2017-06-06,129,86,827,23,38.0,50.0,826.0,3.0,141.0,1.1,8.197729229007759e-05
2017-06-07,37,42,553,2,129.0,86.0,827.0,23.0,141.0,1.1,-0.0005342319388509717
2017-06-08,35,46,941,5,37.0,42.0,553.0,2.0,141.0,1.1,0.0002463054187192212
2017-06-09,90,83,2122,9,35.0,46.0,941.0,5.0,141.0,1.1,4.102227509533948e-05
2017-06-12,26,63,595,2,90.0,83.0,2122.0,9.0,141.0,1.1,-0.0027858576754476085
2017-06-13,43,41,2718,7,26.0,63.0,595.0,2.0,141.0,1.1,0.0009459959692346408
2017-06-14,20,23,1043,8,43.0,41.0,2718.0,7.0,141.0,1.1,0.0023362570702517484
2017-06-15,66,52,1287,5,20.0,23.0,1043.0,8.0,141.0,1.1,-0.0025320591358327393
2017-06-16,31,51,14026,4,66.0,52.0,1287.0,5.0,141.0,1.1,0.0044915114554145525
2017-06-19,22,26,793,4,31.0,51.0,14026.0,4.0,141.0,1.1,-0.0005354862627178972
2017-06-20,35,56,3345,4,22.0,26.0,793.0,4.0,141.0,1.1,0.004392626955129493
2017-06-21,44,57,1201,5,35.0,56.0,3345.0,4.0,141.0,1.1,-0.005076765609007203
2017-06-22,58,84,1024,7,44.0,57.0,1201.0,5.0,141.0,1.1,-0.002094799967140472
2017-06-23,66,53,988,6,58.0,84.0,1024.0,7.0,141.0,1.1,-0.0004939084622983394
2017-06-26,54,84,874,7,66.0,53.0,988.0,6.0,141.0,1.1,0.0009056852332139428
2017-06-27,33,51,1230,2,54.0,84.0,874.0,7.0,141.0,1.1,-0.0025010250102501584
2017-06-28,43,46,1792,6,33.0,51.0,1230.0,2.0,141.0,1.1,-0.007035878867676018
2017-06-29,62,48,3413,8,43.0,46.0,1792.0,6.0,141.0,1.1,0.0040824742268041605
2017-06-30,43,54,1716,4,62.0,48.0,3413.0,8.0,141.0,0.9,-0.009480423540999764
2017-07-03,10,16,1089,1,43.0,54.0,1716.0,4.0,141.0,0.9,-0.001981178801386783
2017-07-05,34,35,750,5,10.0,16.0,1089.0,1.0,141.0,0.9,-0.0027585638998681964
2017-07-06,22,13,1318,3,34.0,35.0,750.0,5.0,141.0,0.9,0.0005770102625397304
2017-07-07,18,32,750,5,22.0,13.0,1318.0,3.0,141.0,0.9,-0.00553970813179534
2017-07-10,39,46,669,8,18.0,32.0,750.0,5.0,211.0,0.9,0.0037311885908544655
2017-07-11,40,33,576,4,39.0,46.0,669.0,8.0,211.0,0.9,0.001735895846249291
2017-07-12,24,42,1066,6,40.0,33.0,576.0,4.0,211.0,0.9,0.0001238850346878144
2017-07-13,72,101,2233,16,24.0,42.0,1066.0,6.0,211.0,0.9,0.0029182079736949427
2017-07-14,50,90,737,10,72.0,101.0,2233.0,16.0,211.0,0.9,0.0016392099008277078
2017-07-17,24,34,543,6,50.0,90.0,737.0,10.0,211.0,0.9,0.0046230004500265745
2017-07-18,48,49,2081,6,24.0,34.0,543.0,6.0,211.0,0.9,0.0002444290544669502
2017-07-20,40,54,1045,5,48.0,49.0,2081.0,6.0,211.0,0.9,0.0024483799885742035
2017-07-21,63,87,584,6,40.0,54.0,1045.0,5.0,211.0,0.9,-0.0007279197670657021
2017-07-24,14,35,1044,5,63.0,87.0,584.0,6.0,211.0,0.9,0.0017854244440837434
2017-07-25,43,74,1914,8,14.0,35.0,1044.0,5.0,211.0,0.9,0.0001215608412010257
2017-07-26,77,126,1173,10,43.0,74.0,1914.0,8.0,211.0,0.9,-0.0010497416020672614
2017-07-27,41,75,2158,8,77.0,126.0,1173.0,10.0,211.0,0.9,-0.0012916246215943215
2017-07-28,40,58,2745,5,41.0,75.0,2158.0,8.0,211.0,0.9,-0.003065010485562265
2017-07-31,50,43,895,4,40.0,58.0,2745.0,5.0,211.0,-0.9,0.0010541252787350127
2017-08-01,29,40,949,4,50.0,43.0,895.0,4.0,211.0,-0.9,-0.0024255164328738092
2017-08-02,58,71,2059,7,29.0,40.0,949.0,4.0,211.0,-0.9,-0.0005657479996767753
2017-08-03,52,100,1699,5,58.0,71.0,2059.0,7.0,211.0,-0.9,-0.00012122681537156479
2017-08-04,48,65,1046,5,52.0,100.0,1699.0,5.0,211.0,-0.9,-0.001415227851684098
2017-08-07,29,41,519,3,48.0,65.0,1046.0,5.0,228.0,-0.9,-0.00044440853264388183
2017-08-08,50,55,1072,2,29.0,41.0,519.0,3.0,228.0,-0.9,0.001535415572346339
2017-08-09,39,41,739,6,50.0,55.0,1072.0,2.0,228.0,-0.9,-0.0010100601995878954
2017-08-10,61,50,2200,3,39.0,41.0,739.0,6.0,228.0,-0.9,0.003164685357244294
2017-08-11,48,70,1026,13,61.0,50.0,2200.0,3.0,228.0,-0.9,-0.010272443054935243
2017-08-14,26,48,1147,6,48.0,70.0,1026.0,13.0,228.0,-0.9,0.0004098024752069269
2017-08-15,36,46,936,2,26.0,48.0,1147.0,6.0,228.0,-0.9,0.00386823567734838
2017-08-16,32,59,796,4,36.0,46.0,936.0,2.0,228.0,-0.9,-0.0019029880962021172
2017-08-17,77,78,4360,4,32.0,59.0,796.0,4.0,228.0,-0.9,-0.0006879527336004853
2017-08-18,32,23,546,3,77.0,78.0,4360.0,4.0,228.0,-0.9,-0.012792397660818735
2017-08-21,8,24,592,1,32.0,23.0,546.0,3.0,228.0,-0.9,-0.0007822149032523577
2017-08-22,49,61,1559,4,8.0,24.0,592.0,1.0,228.0,-0.9,0.0010715463237719227
2017-08-23,29,66,641,1,49.0,61.0,1559.0,4.0,228.0,-0.9,0.00767746438395535
2017-08-24,46,45,708,11,29.0,66.0,641.0,1.0,228.0,-0.9,0.000941349813776408
2017-08-25,43,55,539,3,46.0,45.0,708.0,11.0,228.0,-0.9,-0.0041224489795918
2017-08-28,13,11,643,3,43.0,55.0,539.0,3.0,228.0,-0.9,-0.0013883217639853141
2017-08-29,24,19,737,1,13.0,11.0,643.0,3.0,228.0,-0.9,-0.0024472814781579893
2017-08-30,29,35,572,3,24.0,19.0,737.0,1.0,228.0,-0.9,0.007364436764584844
2017-08-31,9,33,465,2,29.0,35.0,572.0,3.0,228.0,-1.3,0.004819670791978019
2017-09-01,13,36,761,4,9.0,33.0,465.0,2.0,228.0,-1.3,0.003120946822308732
2017-09-05,36,44,3767,5,13.0,36.0,761.0,4.0,190.0,-1.3,-0.00032268473701187514
2017-09-06,26,23,524,6,36.0,44.0,3767.0,5.0,190.0,-1.3,-0.004853190973064745
2017-09-07,22,24,975,1,26.0,23.0,524.0,6.0,190.0,-1.3,0.00024307243558581378
2017-09-08,24,34,725,1,22.0,24.0,975.0,1.0,190.0,-1.3,-0.0015369059656218222
2017-09-11,15,35,1016,2,24.0,34.0,725.0,1.0,190.0,-1.3,0.00016224547740740028
2017-09-12,32,34,725,2,15.0,35.0,1016.0,2.0,190.0,-1.3,0.004716981132075536
2017-09-13,70,47,702,11,32.0,34.0,725.0,2.0,190.0,-1.3,0.0016824900853263467
2017-09-14,70,81,881,21,70.0,47.0,702.0,11.0,190.0,-1.3,0.0018020182604516605
2017-09-15,44,55,2122,9,70.0,81.0,881.0,21.0,190.0,-1.3,0.0011609287429943634
2017-09-18,33,47,1001,3,44.0,55.0,2122.0,9.0,190.0,-1.3,0.00201053520447143
2017-09-19,50,56,1260,5,33.0,47.0,1001.0,3.0,190.0,-1.3,0.0004406874724569737
2017-09-20,23,24,1162,6,50.0,56.0,1260.0,5.0,190.0,-1.3,-0.00012000000000000454
2017-09-21,31,16,884,5,23.0,24.0,1162.0,6.0,190.0,-1.3,-3.99888031350858e-05
2017-09-22,58,99,607,4,31.0,16.0,884.0,5.0,190.0,-1.3,-0.0019609412518009008
2017-09-25,24,31,787,2,58.0,99.0,607.0,4.0,190.0,-1.3,0.0015659506123267873
2017-09-26,45,36,1529,6,24.0,31.0,787.0,2.0,190.0,-1.3,-0.0008830022075055142
2017-09-27,113,119,1186,24,45.0,36.0,1529.0,6.0,190.0,-1.3,-0.0013631625370859393
2017-09-28,80,101,2761,18,113.0,119.0,1186.0,24.0,190.0,-1.3,0.0006803265567473023
2017-09-29,20,35,774,4,80.0,101.0,2761.0,18.0,190.0,-1.4,0.0024826812957994817
2017-10-02,29,46,1261,6,20.0,35.0,774.0,4.0,190.0,-1.4,0.0035551649756330843
2017-10-03,32,38,4502,2,29.0,46.0,1261.0,6.0,190.0,-1.4,0.003300330033003237
2017-10-04,45,37,834,5,32.0,38.0,4502.0,2.0,190.0,-1.4,0.002140139505390062
2017-10-05,34,40,924,5,45.0,37.0,834.0,5.0,190.0,-1.4,0.0018599865447781825
2017-10-06,120,96,868,31,34.0,40.0,924.0,5.0,190.0,-1.4,0.004417448923246843
2017-10-09,22,34,836,8,120.0,96.0,868.0,31.0,42.0,-1.4,0.0008656305331497103
2017-10-10,37,50,2488,6,22.0,34.0,836.0,8.0,42.0,-1.4,-0.00267054157012138
2017-10-11,68,54,1972,3,37.0,50.0,2488.0,6.0,42.0,-1.4,7.855459544387366e-05
2017-10-12,54,65,1858,5,68.0,54.0,1972.0,3.0,42.0,-1.4,0.0020038505363247786
2017-10-13,42,59,1199,4,54.0,65.0,1858.0,5.0,42.0,-1.4,-7.85360873321693e-05
2017-10-16,116,113,1380,32,42.0,59.0,1199.0,4.0,42.0,-1.4,-0.0007446891902484821
2017-10-17,23,40,1084,4,116.0,113.0,1380.0,32.0,42.0,-1.4,0.0003134673406213866
2017-10-19,37,59,1164,3,23.0,40.0,1084.0,4.0,42.0,-1.4,0.0009403283313090512
2017-10-20,39,56,1782,2,37.0,59.0,1164.0,3.0,42.0,-1.4,0.0037672173605932564
2017-10-23,33,37,1010,5,39.0,56.0,1782.0,2.0,42.0,-1.4,0.001597195169458609
2017-10-24,55,62,2110,4,33.0,37.0,1010.0,5.0,42.0,-1.4,-0.005320801615659486
2017-10-25,53,46,1398,7,55.0,62.0,2110.0,4.0,42.0,-1.4,-0.00015588464536251155
2017-10-26,75,68,1699,5,53.0,46.0,1398.0,7.0,42.0,-1.4,-0.003474119759544128
2017-10-27,42,57,3347,6,75.0,68.0,1699.0,5.0,42.0,-1.4,-0.001445368959725007
2017-10-30,28,29,524,3,42.0,57.0,3347.0,6.0,42.0,-0.1,0.004834873474480261
2017-10-31,28,57,1555,5,28.0,29.0,524.0,3.0,42.0,-0.1,0.0010917456232696716
2017-11-01,37,63,4192,5,28.0,57.0,1555.0,5.0,42.0,-0.1,-0.00011664981724873457
2017-11-02,106,108,2244,9,37.0,63.0,4192.0,5.0,42.0,-0.1,-0.0021314524879864024
2017-11-03,46,66,898,10,106.0,108.0,2244.0,9.0,42.0,-0.1,0.0006992735324966006
2017-11-06,18,33,683,3,46.0,66.0,898.0,10.0,249.0,-0.1,0.002638010629631093
2017-11-07,32,54,965,4,18.0,33.0,683.0,3.0,249.0,-0.1,0.002129307007355832
2017-11-08,22,38,902,3,32.0,54.0,965.0,4.0,249.0,-0.1,-0.001158435340000816
2017-11-09,39,49,877,8,22.0,38.0,902.0,3.0,249.0,-0.1,0.002476109413084637
2017-11-13,37,45,907,2,39.0,49.0,877.0,8.0,249.0,-0.1,0.0017072129748185994
2017-11-14,27,33,1087,8,37.0,45.0,907.0,2.0,249.0,-0.1,0.00396409000816129
2017-11-15,49,39,1260,6,27.0,33.0,1087.0,8.0,249.0,-0.1,0.0012431529466609425
2017-11-16,37,40,1184,3,49.0,39.0,1260.0,6.0,249.0,-0.1,-0.0007014262333411535
2017-11-17,30,43,1289,7,37.0,40.0,1184.0,3.0,249.0,-0.1,0.004271512892202636
2017-11-20,43,52,1026,6,30.0,43.0,1289.0,7.0,249.0,-0.1,-0.0013941600185888527
2017-11-21,16,29,1018,1,43.0,52.0,1026.0,6.0,249.0,-0.1,0.0006198187030294609
2017-11-22,44,67,1331,9,16.0,29.0,1018.0,1.0,249.0,-0.1,0.0031252411451500976
2017-11-24,17,19,404,3,44.0,67.0,1331.0,9.0,249.0,-0.1,-0.000923076923076958
2017-11-27,32,42,947,1,17.0,19.0,404.0,3.0,249.0,-0.1,0.00015365703749239574
2017-11-29,33,49,2255,2,32.0,42.0,947.0,1.0,249.0,-0.1,-0.0006912176951730227
2017-11-30,33,31,1221,1,33.0,49.0,2255.0,2.0,249.0,-0.4,-0.0011786175956201134
2017-12-01,40,36,1939,1,33.0,31.0,1221.0,1.0,249.0,-0.4,0.0047391568092205036
2017-12-04,57,61,1524,3,40.0,36.0,1939.0,1.0,249.0,-0.4,-0.001133101676990525
2017-12-05,38,47,2852,4,57.0,61.0,1524.0,3.0,249.0,-0.4,-0.008148398482971034
2017-12-06,18,21,442,6,38.0,47.0,2852.0,4.0,249.0,-0.4,0.0
2017-12-07,78,80,1209,5,18.0,21.0,442.0,6.0,249.0,-0.4,-0.00022787694644892621
2017-12-08,24,32,725,4,78.0,80.0,1209.0,5.0,249.0,-0.4,0.0
2017-12-12,38,44,1290,10,24.0,32.0,725.0,4.0,196.0,-0.4,0.001319957761351508
2017-12-13,54,41,351,3,38.0,44.0,1290.0,10.0,196.0,-0.4,-0.0016092212117810216
2017-12-14,22,26,347,1,54.0,41.0,351.0,3.0,196.0,-0.4,-0.0011607878379390484
2017-12-19,18,31,1174,3,22.0,26.0,347.0,1.0,196.0,-0.4,-0.0053540005241676965
2017-12-20,21,42,2494,1,18.0,31.0,1174.0,3.0,196.0,-0.4,-0.004879320619785467
2017-12-21,29,65,10449,10,21.0,42.0,2494.0,1.0,196.0,-0.4,-0.004622208968576468
2017-12-22,29,44,1817,2,29.0,65.0,10449.0,10.0,196.0,-0.3,-0.0005975946814074289
2017-12-26,12,36,1038,3,29.0,44.0,1817.0,2.0,196.0,-0.3,-0.00033632286995527585
2017-12-27,10,23,473,2,12.0,36.0,1038.0,3.0,196.0,-0.3,0.0005242463958059779
2017-12-28,23,28,468,4,10.0,23.0,473.0,2.0,196.0,-0.3,-0.00022439973072033165
2017-12-29,29,29,1022,1,23.0,28.0,468.0,4.0,196.0,-0.3,-7.465750867886749e-05
2018-01-02,24,53,1860,4,29.0,29.0,1022.0,1.0,196.0,-0.3,-0.006219044427065726
2018-01-03,37,54,987,4,24.0,53.0,1860.0,4.0,196.0,-0.3,0.003472222222222248
2018-01-04,36,33,910,5,37.0,54.0,987.0,4.0,196.0,-0.3,0.005614217727543307
2018-01-05,34,64,666,7,36.0,33.0,910.0,5.0,196.0,-0.3,0.0015117994100295909
2018-01-08,21,30,908,4,34.0,64.0,666.0,7.0,179.0,-0.3,0.003339326997174508
2018-01-09,48,35,700,3,21.0,30.0,908.0,4.0,179.0,-0.3,0.0022318978449380323
2018-01-10,24,35,1124,5,48.0,35.0,700.0,3.0,179.0,-0.3,0.0005102040816328105
2018-01-11,32,58,1170,3,24.0,35.0,1124.0,5.0,179.0,-0.3,0.0016077170418006348
2018-01-12,48,78,1040,7,32.0,58.0,1170.0,3.0,179.0,-0.3,0.004986351228389462
2018-01-16,22,26,1310,2,48.0,78.0,1040.0,7.0,179.0,-0.3,0.005426524853483829
2018-01-17,17,37,904,1,22.0,26.0,1310.0,2.0,179.0,-0.3,-0.00851977805620188
2018-01-19,21,10,930,3,17.0,37.0,904.0,1.0,179.0,-0.3,0.00568283998129713
2018-01-22,34,37,3468,10,21.0,10.0,930.0,3.0,179.0,-0.3,0.0021801286633309994
2018-01-23,33,51,724,5,34.0,37.0,3468.0,10.0,179.0,-0.3,0.008994539029874654
2018-01-24,48,80,1324,8,33.0,51.0,724.0,5.0,179.0,-0.3,0.0019452500530523144
2018-01-25,28,35,1552,4,48.0,80.0,1324.0,8.0,179.0,-0.3,-0.002957538201535015
2018-01-26,44,65,1179,3,28.0,35.0,1552.0,4.0,179.0,-0.3,-0.003026463963964011
2018-01-29,39,48,3194,6,44.0,65.0,1179.0,3.0,179.0,1.3,0.008197009674582178
2018-01-30,41,64,3199,4,39.0,48.0,3194.0,6.0,179.0,1.3,-0.004371699366977931
2018-01-31,57,99,2799,15,41.0,64.0,3199.0,4.0,179.0,1.3,-0.0029723991507432123
2018-02-01,62,88,3444,11,57.0,99.0,2799.0,15.0,179.0,1.3,-0.002935663000035514
2018-02-02,73,60,5592,7,62.0,88.0,3444.0,11.0,179.0,1.3,0.0018144946098836265
2018-02-05,129,115,14476,17,73.0,60.0,5592.0,7.0,81.0,1.3,-0.016530991145387017
2018-02-06,190,193,5648,20,129.0,115.0,14476.0,17.0,81.0,1.3,-0.03481440848418352
2018-02-07,57,81,2866,4,190.0,193.0,5648.0,20.0,81.0,1.3,0.035354312533661614
2018-02-08,153,97,6039,15,57.0,81.0,2866.0,4.0,81.0,1.3,-0.0030912476722532
2018-02-09,100,87,4121,15,153.0,97.0,6039.0,15.0,81.0,1.3,-0.03872989813812916
2018-02-12,31,32,3200,2,100.0,87.0,4121.0,15.0,81.0,1.3,0.002684049079754557
2018-02-13,48,66,1448,11,31.0,32.0,3200.0,2.0,81.0,1.3,0.005723382481143126
2018-02-14,36,61,2157,3,48.0,66.0,1448.0,11.0,81.0,1.3,0.00769026783346582
2018-02-15,53,76,2025,11,36.0,61.0,2157.0,3.0,81.0,1.3,0.019976542696076474
2018-02-16,41,47,1871,8,53.0,76.0,2025.0,11.0,81.0,1.3,0.005376146113340868
2018-02-20,24,25,1630,2,41.0,47.0,1871.0,8.0,81.0,1.3,0.002900998824911944
2018-02-21,18,24,3204,3,24.0,25.0,1630.0,2.0,81.0,1.3,-0.002315921038120779
2018-02-22,33,51,1899,4,18.0,24.0,3204.0,3.0,81.0,1.3,-0.006803972048547135
2018-02-23,55,50,1428,3,33.0,51.0,1899.0,4.0,81.0,1.3,-0.0025820730357803225
2018-02-26,36,64,6529,5,55.0,50.0,1428.0,3.0,81.0,1.3,0.010743588800176456
2018-02-27,66,71,1163,7,36.0,64.0,6529.0,5.0,81.0,1.3,0.007139491900119487
2018-02-28,26,46,1563,2,66.0,71.0,1163.0,7.0,81.0,1.3,-0.013232174319513885
2018-03-01,49,61,2501,6,26.0,46.0,1563.0,2.0,81.0,1.4,-0.01461839814277434
2018-03-02,95,75,2927,14,49.0,61.0,2501.0,6.0,81.0,1.4,-0.013669356324380221
2018-03-05,59,73,2989,8,95.0,75.0,2927.0,14.0,81.0,1.4,0.012340105342362576
2018-03-06,45,53,1709,7,59.0,73.0,2989.0,8.0,81.0,1.4,0.016658573936428413
2018-03-07,47,47,2143,5,45.0,53.0,1709.0,7.0,81.0,1.4,-0.0015367727771680056
2018-03-08,45,81,1046,13,47.0,47.0,2143.0,5.0,81.0,1.4,0.008727165150506458
2018-03-09,82,83,2947,7,45.0,81.0,1046.0,13.0,81.0,1.4,0.0020106013525864057
2018-03-12,67,69,5983,2,82.0,83.0,2947.0,7.0,378.0,1.4,0.011498005077983374
2018-03-13,29,29,1955,3,67.0,69.0,5983.0,2.0,378.0,1.4,-0.0024355300859599093
2018-03-14,48,62,1568,2,29.0,29.0,1955.0,3.0,378.0,1.4,-0.01114922813036002
2018-03-15,58,53,5033,5,48.0,62.0,1568.0,2.0,378.0,1.4,-0.00903495194557428
2018-03-16,62,52,1554,8,58.0,53.0,5033.0,5.0,378.0,1.4,-0.003189792663476857
2018-03-19,22,12,2400,1,62.0,52.0,1554.0,8.0,378.0,1.4,-0.0010928961748634294
2018-03-20,50,49,2447,3,22.0,12.0,2400.0,1.0,378.0,1.4,-0.010462776659959807
2018-03-21,82,72,3126,18,50.0,49.0,2447.0,3.0,378.0,1.4,3.690854063626967e-05
2018-03-22,88,68,2582,10,82.0,72.0,3126.0,18.0,378.0,1.4,-0.0017349575489109285
2018-03-23,86,74,3210,9,88.0,68.0,2582.0,10.0,378.0,1.4,-0.015826210294501916
2018-03-26,34,49,1845,3,86.0,74.0,3210.0,9.0,378.0,1.4,-0.023166900102206928
2018-03-27,68,70,3207,8,34.0,49.0,1845.0,3.0,378.0,1.4,0.01136840498989058
2018-03-28,51,60,3893,7,68.0,70.0,3207.0,8.0,378.0,1.4,-0.02092647556073184
2018-03-29,87,91,9496,16,51.0,60.0,3893.0,7.0,378.0,1.0,-0.0035282837967402342
2018-04-02,78,56,2787,7,87.0,91.0,9496.0,16.0,378.0,1.0,0.007774203431372443
2018-04-03,79,95,3444,14,78.0,56.0,2787.0,7.0,378.0,1.0,-0.01934869548657393
2018-04-04,69,96,2318,9,79.0,95.0,3444.0,14.0,378.0,1.0,0.00733959130065275
2018-04-05,86,85,1226,14,69.0,96.0,2318.0,9.0,378.0,1.0,0.026523855890944508
2018-04-06,93,98,3491,9,86.0,85.0,1226.0,14.0,378.0,1.0,0.00033891922425145917
2018-04-09,64,74,6779,6,93.0,98.0,3491.0,9.0,195.0,1.0,-0.014046010173866785
2018-04-10,86,91,3696,8,64.0,74.0,6779.0,6.0,195.0,1.0,-0.0014156177066993324
2018-04-11,69,79,2185,4,86.0,91.0,3696.0,8.0,195.0,1.0,0.0033299277254323057
2018-04-12,125,127,1260,9,69.0,79.0,2185.0,4.0,195.0,1.0,0.00110069457623245
2018-04-13,53,44,906,6,125.0,127.0,1260.0,9.0,195.0,1.0,0.0025258237201237124
2018-04-16,62,43,1290,4,53.0,44.0,906.0,6.0,195.0,1.0,-0.008451441606521998
2018-04-17,40,37,2614,4,62.0,43.0,1290.0,4.0,195.0,1.0,0.0012359550561797153
2018-04-18,57,102,2249,3,40.0,37.0,2614.0,4.0,195.0,1.0,0.003193108825604328
2018-04-19,33,28,1116,4,57.0,102.0,2249.0,3.0,195.0,1.0,-0.00110827884295693
2018-04-20,67,66,1396,4,33.0,28.0,1116.0,4.0,195.0,1.0,-0.0028184683849434115
2018-04-23,34,51,1641,4,67.0,66.0,1396.0,4.0,195.0,1.0,-0.008184219337078191
2018-04-24,60,61,2215,8,34.0,51.0,1641.0,4.0,195.0,1.0,-0.002581755593803778
2018-04-25,59,92,3033,10,60.0,61.0,2215.0,8.0,195.0,1.0,-0.01774175475292272
2018-04-26,43,56,2450,4,59.0,92.0,3033.0,10.0,195.0,1.0,0.0027385797421169613
2018-04-27,77,81,1660,6,43.0,56.0,2450.0,4.0,195.0,1.0,0.0057403980512858565
2018-04-30,54,53,1630,5,77.0,81.0,1660.0,6.0,195.0,1.5,-0.0016479400749063585
2018-05-01,57,69,2522,5,54.0,53.0,1630.0,5.0,195.0,1.5,-0.010289605627478859
2018-05-02,99,119,2727,10,57.0,69.0,2522.0,5.0,195.0,1.5,0.004206616894683039
2018-05-03,99,95,2156,10,99.0,119.0,2727.0,10.0,195.0,1.5,-0.005892128720350514
2018-05-04,111,126,1776,12,99.0,95.0,2156.0,10.0,195.0,1.5,0.0013726835964310744
2018-05-07,67,65,2437,14,111.0,126.0,1776.0,12.0,153.0,1.5,0.01720709697155094
2018-05-08,65,106,1387,12,67.0,65.0,2437.0,14.0,153.0,1.5,0.00011240586009228357
2018-05-09,69,93,1757,3,65.0,106.0,1387.0,12.0,153.0,1.5,0.0015759849906191966
2018-05-10,71,123,1505,14,69.0,93.0,1757.0,3.0,153.0,1.5,0.006799163179916292
2018-05-11,44,80,1750,6,71.0,123.0,1505.0,14.0,153.0,1.5,0.006214396685655127
2018-05-14,37,68,958,9,44.0,80.0,1750.0,6.0,153.0,1.5,0.0025352733686066936
2018-05-15,69,87,1405,9,37.0,68.0,958.0,9.0,153.0,1.5,-0.0013170410477791644
2018-05-16,67,86,1298,9,69.0,87.0,1405.0,9.0,153.0,1.5,-0.0018041901395484086
2018-05-17,33,65,1805,6,67.0,86.0,1298.0,9.0,153.0,1.5,0.004056944751788828
2018-05-18,70,96,1737,7,33.0,65.0,1805.0,6.0,153.0,1.5,0.00025740972273293074
2018-05-21,55,65,2478,9,70.0,96.0,1737.0,7.0,153.0,1.5,-0.0010676680656800694
2018-05-22,74,97,5579,17,55.0,65.0,2478.0,9.0,153.0,1.5,0.0013186330171056505
2018-05-23,70,107,839,9,74.0,97.0,5579.0,17.0,153.0,1.5,-0.0049277266754269465
2018-05-24,142,117,1582,11,70.0,107.0,839.0,9.0,153.0,1.5,0.008076114614448494
2018-05-25,60,95,2186,11,142.0,117.0,1582.0,11.0,153.0,1.5,-0.0004030632809351568
2018-05-29,56,100,1052,10,60.0,95.0,2186.0,11.0,153.0,1.5,0.0
2018-05-30,94,86,1299,13,56.0,100.0,1052.0,10.0,153.0,1.5,-0.004772298472124673
2018-05-31,97,89,2446,10,94.0,86.0,1299.0,13.0,153.0,1.6,0.0078003696857671485
2018-06-01,85,102,1587,9,97.0,89.0,2446.0,10.0,153.0,1.6,-0.004446077530773395
2018-06-04,66,72,2294,11,85.0,102.0,1587.0,9.0,270.0,1.6,0.004368415256414954
2018-06-05,45,70,1038,6,66.0,72.0,2294.0,11.0,270.0,1.6,0.001347757986376733
2018-06-06,84,106,3963,7,45.0,70.0,1038.0,6.0,270.0,1.6,0.00018178512997640928
2018-06-07,67,110,2195,6,84.0,106.0,3963.0,7.0,270.0,1.6,0.005837775118749616
2018-06-08,84,88,19939,10,67.0,110.0,2195.0,6.0,270.0,1.6,-0.0020867062421298225
2018-06-11,78,117,2079,7,84.0,88.0,19939.0,10.0,270.0,1.6,0.004840166154957468
2018-06-12,65,85,1753,7,78.0,117.0,2079.0,7.0,270.0,1.6,0.0004309725614136063
2018-06-13,107,112,3778,12,65.0,85.0,1753.0,7.0,270.0,1.6,-0.0003942228434216995
2018-06-14,114,156,2481,15,107.0,112.0,3778.0,12.0,270.0,1.6,-0.004154876607328432
2018-06-15,108,163,3080,15,114.0,156.0,2481.0,15.0,270.0,1.6,-0.0010035482599189017
2018-06-18,83,90,4243,13,108.0,163.0,3080.0,15.0,270.0,1.6,0.0019161243673173273
2018-06-19,136,148,3380,18,83.0,90.0,4243.0,13.0,270.0,1.6,0.003883988529529177
2018-06-20,117,175,3453,18,136.0,148.0,3380.0,18.0,270.0,1.6,0.005474452554744526
2018-06-21,109,112,2974,19,117.0,175.0,3453.0,18.0,270.0,1.6,-0.0010858942339014538
2018-06-22,120,101,1657,9,109.0,112.0,2974.0,19.0,270.0,1.6,-0.006232787360486921
2018-06-25,125,106,2466,14,120.0,101.0,1657.0,9.0,270.0,1.6,-0.0033374446782268585
2018-06-26,82,87,1486,12,125.0,106.0,2466.0,14.0,270.0,1.6,-0.00892334698654183
2018-06-27,93,105,3309,12,82.0,87.0,1486.0,12.0,270.0,1.6,-0.00014725371815624952
2018-06-28,134,175,1693,16,93.0,105.0,3309.0,12.0,270.0,1.6,-0.01068831264232707
2018-06-29,64,58,1611,4,134.0,175.0,1693.0,16.0,270.0,1.8,0.005941550001856607
2018-07-02,76,101,1903,9,64.0,58.0,1611.0,4.0,270.0,1.8,-0.003086873438189151
2018-07-03,53,47,1807,6,76.0,101.0,1903.0,9.0,270.0,1.8,0.008719528032355098
2018-07-05,61,135,1859,5,53.0,47.0,1807.0,6.0,270.0,1.8,-0.0072195550994980295
2018-07-06,41,41,2964,8,61.0,135.0,1859.0,5.0,270.0,1.8,0.003453723775581429
2018-07-09,79,80,2090,11,41.0,41.0,2964.0,8.0,214.0,1.8,0.008347367650289338
2018-07-10,117,165,1253,24,79.0,80.0,2090.0,11.0,214.0,1.8,0.0048815765684323475
2018-07-11,84,130,1988,14,117.0,165.0,1253.0,24.0,214.0,1.8,0.0017599942530798184
2018-07-12,67,86,2086,6,84.0,130.0,1988.0,14.0,214.0,1.8,-0.0010463647844126418
2018-07-13,104,127,1450,8,67.0,86.0,2086.0,6.0,214.0,1.8,0.00391691821187305
2018-07-16,74,54,1635,2,104.0,127.0,1450.0,8.0,214.0,1.8,0.0015044596482428597
2018-07-17,95,156,3591,14,74.0,54.0,1635.0,2.0,214.0,1.8,-0.0010728078958661543
2018-07-18,85,92,1540,3,95.0,156.0,3591.0,14.0,214.0,1.8,0.007182102201314324
2018-07-19,84,133,1657,11,85.0,92.0,1540.0,3.0,214.0,1.8,0.0017821499857428
2018-07-20,102,149,2773,19,84.0,133.0,1657.0,11.0,214.0,1.8,-0.001105918447433207
2018-07-23,86,106,2026,10,102.0,149.0,2773.0,19.0,214.0,1.8,-0.00032169281910131536
2018-07-24,87,96,1741,9,86.0,106.0,2026.0,10.0,214.0,1.8,0.002683843263553409
2018-07-25,96,187,4459,13,87.0,96.0,1741.0,9.0,214.0,1.8,-0.0006387735547748565
2018-07-26,182,190,4651,19,96.0,187.0,4459.0,13.0,214.0,1.8,0.009526179220132965
2018-07-27,127,120,3930,13,182.0,190.0,4651.0,19.0,214.0,1.8,0.0004943502824858275
2018-07-30,122,142,2887,26,127.0,120.0,3930.0,13.0,214.0,-1.4,-0.008071622431355834
2018-07-31,75,100,3106,7,122.0,142.0,2887.0,26.0,214.0,-1.4,-0.005541543817271153
2018-08-01,68,94,2329,11,75.0,100.0,3106.0,7.0,214.0,-1.4,0.0018517859050602966
2018-08-02,127,123,2149,16,68.0,94.0,2329.0,11.0,214.0,-1.4,-0.002486148600653461
2018-08-03,81,122,1333,10,127.0,123.0,2149.0,16.0,214.0,-1.4,0.010737678513905294
2018-08-06,53,82,1808,11,81.0,122.0,1333.0,10.0,149.0,-1.4,0.003787208438042155
2018-08-07,163,212,3195,18,53.0,82.0,1808.0,11.0,149.0,-1.4,0.003525595825694542
2018-08-08,194,232,4139,24,163.0,212.0,3195.0,18.0,149.0,-1.4,0.0006657556326430419
2018-08-09,69,87,3885,14,194.0,232.0,4139.0,24.0,149.0,-1.4,0.0002452783909737313
2018-08-10,96,139,1094,21,69.0,87.0,3885.0,14.0,149.0,-1.4,-0.0016110391202324786
2018-08-13,81,87,1408,8,96.0,139.0,1094.0,21.0,149.0,-1.4,-0.001023108131945541
2018-08-14,95,102,2926,18,81.0,87.0,1408.0,8.0,149.0,-1.4,-0.0048329629237661995
2018-08-15,140,168,2637,17,95.0,102.0,2926.0,18.0,149.0,-1.4,0.00346387671426538
2018-08-16,106,119,2653,13,140.0,168.0,2637.0,17.0,149.0,-1.4,-0.002124796373680936
2018-08-17,115,130,1889,24,106.0,119.0,2653.0,13.0,149.0,-1.4,0.002328863796753793
2018-08-20,101,151,1248,16,115.0,130.0,1889.0,24.0,149.0,-1.4,0.004333579959835177
2018-08-21,64,83,1051,4,101.0,151.0,1248.0,16.0,149.0,-1.4,0.00035017683930392806
2018-08-22,76,114,1434,14,64.0,83.0,1051.0,4.0,149.0,-1.4,0.0003144104803492576
2018-08-23,62,103,1560,11,76.0,114.0,1434.0,14.0,149.0,-1.4,0.0010144116412481477
2018-08-24,71,114,1654,4,62.0,103.0,1560.0,11.0,149.0,-1.4,-0.0006294366541945198
2018-08-27,66,141,1947,9,71.0,114.0,1654.0,4.0,149.0,-1.4,0.0037355118000279054
2018-08-28,58,116,5621,8,66.0,141.0,1947.0,9.0,149.0,-1.4,0.003184933878003043
2018-08-29,64,107,1602,7,58.0,116.0,5621.0,8.0,149.0,-1.4,-0.0013089906992765946
2018-08-30,127,160,2578,16,64.0,107.0,1602.0,7.0,149.0,-1.5,0.004549214226633558
2018-08-31,71,94,1730,11,127.0,160.0,2578.0,16.0,149.0,-1.5,-0.0021997662748332518
2018-09-04,65,75,1732,4,71.0,94.0,1730.0,11.0,149.0,-1.5,0.0016215843223848585
2018-09-05,84,116,4649,16,65.0,75.0,1732.0,4.0,149.0,-1.5,-0.00010350538227978444
2018-09-06,137,133,6823,24,84.0,116.0,4649.0,16.0,149.0,-1.5,-0.0013130161362774346
2018-09-07,82,113,1626,20,137.0,133.0,6823.0,24.0,149.0,-1.5,-0.0034238284627354397
2018-09-10,107,107,1739,11,82.0,113.0,1626.0,20.0,229.0,-1.5,0.0021604292982089503
2018-09-11,54,92,1914,12,107.0,107.0,1739.0,11.0,229.0,-1.5,-0.002216526979289279
2018-09-12,189,244,2684,25,54.0,92.0,1914.0,12.0,229.0,-1.5,0.005846121724605933
2018-09-13,163,179,1299,14,189.0,244.0,2684.0,25.0,229.0,-1.5,0.00020756936276206415
2018-09-14,75,104,3249,10,163.0,179.0,1299.0,14.0,229.0,-1.5,0.0017566822816202498
2018-09-17,108,108,1530,14,75.0,104.0,3249.0,10.0,229.0,-1.5,-0.0006184291898577848
2018-09-18,112,169,2223,10,108.0,108.0,1530.0,14.0,229.0,-1.5,-0.005089058524173091
2018-09-19,96,149,2163,5,112.0,169.0,2223.0,10.0,229.0,-1.5,0.00459285862283321
2018-09-20,126,208,3034,22,96.0,149.0,2163.0,5.0,229.0,-1.5,0.000859195106024676
2018-09-21,190,222,4905,26,126.0,208.0,3034.0,22.0,229.0,-1.5,0.003212137780207757
2018-09-24,119,107,2211,9,190.0,222.0,4905.0,26.0,229.0,-1.5,-0.0037531133781431173
2018-09-25,102,117,1967,16,119.0,107.0,2211.0,9.0,229.0,-1.5,-0.001098373034941969
2018-09-26,118,139,2984,11,102.0,117.0,1967.0,16.0,229.0,-1.5,-0.0026755393956024174
2018-09-27,178,220,5061,26,118.0,139.0,2984.0,11.0,229.0,-1.5,-0.0035406139355815525
2018-09-28,170,142,1751,19,178.0,220.0,5061.0,26.0,229.0,-1.4,0.0009641541269239099
2018-10-01,95,124,145,8,170.0,142.0,1751.0,19.0,229.0,-1.4,0.002517328183730536
2018-10-02,87,97,153,13,95.0,124.0,145.0,8.0,229.0,-1.4,-0.0013008798055526868
2018-10-03,125,189,138,21,87.0,97.0,153.0,13.0,229.0,-1.4,0.0
2018-10-04,111,145,128,15,125.0,189.0,138.0,21.0,229.0,-1.4,-0.0034843205574912267
2018-10-05,202,186,134,13,111.0,145.0,128.0,15.0,229.0,-1.4,-0.005975685143210415
2018-10-08,79,132,100,21,202.0,186.0,134.0,13.0,105.0,-1.4,-0.006455176222858934
2018-10-09,66,85,119,10,79.0,132.0,100.0,21.0,105.0,-1.4,0.002682459501828886
2018-10-10,167,151,176,8,66.0,85.0,119.0,10.0,105.0,-1.4,3.479592191791957e-05
2018-10-11,332,315,175,33,167.0,151.0,176.0,8.0,105.0,-1.4,-0.029738869713767643
2018-10-12,63,80,116,7,332.0,315.0,175.0,33.0,105.0,-1.4,-0.017720513930994546
2018-10-15,137,193,95,26,63.0,80.0,116.0,7.0,105.0,-1.4,-0.0029627488528380717
2018-10-16,115,155,107,13,137.0,193.0,95.0,26.0,105.0,-1.4,-0.004173471239339626
2018-10-17,147,176,92,21,115.0,155.0,107.0,13.0,105.0,-1.4,0.013738250180766284
2018-10-18,98,104,81,9,147.0,176.0,92.0,21.0,105.0,-1.4,3.5658251319322866e-05
2018-10-19,88,94,87,13,98.0,104.0,81.0,9.0,105.0,-1.4,-0.010737294201861132
2018-10-22,108,98,85,7,88.0,94.0,87.0,13.0,105.0,-1.4,-0.003175405044563907
2018-10-23,122,181,118,16,108.0,98.0,85.0,7.0,105.0,-1.4,-0.007184115523465737
2018-10-24,168,265,190,40,122.0,181.0,118.0,16.0,105.0,-1.4,0.009817309466691364
2018-10-25,125,100,154,16,168.0,265.0,190.0,40.0,105.0,-1.4,-0.02930523542970033
2018-10-26,105,108,101,12,125.0,100.0,154.0,16.0,105.0,-1.4,0.010097987882414498
2018-10-29,100,88,163,15,105.0,108.0,101.0,12.0,105.0,-1.4,-0.0022187123947052943
2018-10-30,121,151,105,11,100.0,88.0,163.0,15.0,105.0,-1.4,-0.01837797619047618
2018-10-31,91,85,97,9,121.0,151.0,105.0,11.0,105.0,-1.4,0.01554974020555985
2018-11-01,38,61,91,2,91.0,85.0,97.0,9.0,105.0,-1.4,-7.389617587283138e-05
2018-11-02,78,69,70,10,38.0,61.0,91.0,2.0,105.0,-1.4,0.007032400589101502
2018-11-05,51,97,55,3,78.0,69.0,70.0,10.0,212.0,-1.4,-0.010409463148316702
2018-11-06,38,51,71,3,51.0,97.0,55.0,3.0,212.0,-1.4,0.003487006313316652
2018-11-07,40,94,97,10,38.0,51.0,71.0,3.0,212.0,-1.4,0.006585687106688173
2018-11-08,85,113,89,5,40.0,94.0,97.0,10.0,212.0,-1.4,0.012429744920017251
2018-11-09,158,138,80,11,85.0,113.0,89.0,5.0,212.0,-1.4,0.0013923101638641474
2018-11-12,72,79,88,12,158.0,138.0,80.0,11.0,212.0,-1.4,-0.0045514819195067975
2018-11-13,107,93,91,13,72.0,79.0,88.0,12.0,212.0,-1.4,-0.016667267938958855
2018-11-14,94,93,80,9,107.0,93.0,91.0,13.0,212.0,-1.4,-0.003771650371672243
2018-11-15,75,74,96,10,94.0,93.0,80.0,9.0,212.0,-1.4,-0.01444412022176844
2018-11-16,68,76,100,11,75.0,74.0,96.0,10.0,212.0,-1.4,0.0157749832576829
2018-11-19,59,38,84,4,68.0,76.0,100.0,11.0,212.0,-1.4,0.007137863791898148
2018-11-20,61,68,97,9,59.0,38.0,84.0,4.0,212.0,-1.4,-0.014466214978941544
2018-11-21,72,68,66,5,61.0,68.0,97.0,9.0,212.0,-1.4,-0.0046728971962617175
2018-11-23,26,30,54,7,72.0,68.0,66.0,5.0,212.0,-1.4,-0.00315955766192745
2018-11-26,74,126,55,12,26.0,30.0,54.0,7.0,212.0,-1.4,0.00026597765787671245
2018-11-27,133,148,49,16,74.0,126.0,55.0,12.0,212.0,-1.4,0.006471517796674044
2018-11-28,58,52,80,11,133.0,148.0,49.0,16.0,212.0,-1.4,0.007734474731546153
2018-11-29,54,56,54,8,58.0,52.0,80.0,11.0,212.0,-1.4,0.018471810089020626
2018-11-30,82,76,58,12,54.0,56.0,54.0,8.0,212.0,-1.4,0.0009864455080195779
2018-12-03,63,64,84,6,82.0,76.0,58.0,12.0,212.0,-1.4,0.006719988313063712
2018-12-04,85,93,73,11,63.0,64.0,84.0,6.0,212.0,-1.4,-0.003496503496503359
2018-12-06,150,110,91,20,85.0,93.0,73.0,11.0,212.0,-1.4,-0.029169809965154312
2018-12-07,80,78,82,15,150.0,110.0,91.0,20.0,212.0,-1.4,0.014741275571600324
2018-12-10,65,52,57,11,80.0,78.0,82.0,15.0,92.0,-1.4,-0.02185853187857191
2018-12-11,85,98,81,9,65.0,52.0,57.0,11.0,92.0,-1.4,0.002657857766640045
2018-12-12,77,63,84,7,85.0,98.0,81.0,9.0,92.0,-1.4,-0.01318837330942251
2018-12-13,107,96,78,9,77.0,63.0,84.0,7.0,92.0,-1.4,-0.007514861479792304
2018-12-14,86,77,65,7,107.0,96.0,78.0,9.0,92.0,-1.4,-0.004314873180249052
2018-12-17,103,76,56,22,86.0,77.0,65.0,7.0,92.0,-1.4,-0.009469120778825495
2018-12-18,69,74,60,8,103.0,76.0,56.0,22.0,92.0,-1.4,-0.015574402467231938
2018-12-19,98,70,80,11,69.0,74.0,60.0,8.0,92.0,-1.4,-0.008242612752721527
2018-12-20,96,111,86,12,98.0,70.0,80.0,11.0,92.0,-1.4,-0.01532311792138573
2018-12-21,88,67,83,8,96.0,111.0,86.0,12.0,92.0,-1.4,-0.01076602897622679
2018-12-24,125,89,84,19,88.0,67.0,83.0,8.0,92.0,-1.3,-0.024479208883845426
2018-12-26,65,52,81,11,125.0,89.0,84.0,19.0,92.0,-1.3,-0.019661981258366757
2018-12-27,93,76,82,9,65.0,52.0,81.0,11.0,92.0,-1.3,0.04326821206085522
2018-12-28,59,72,73,9,93.0,76.0,82.0,9.0,92.0,-1.3,0.022673867337263467
2018-12-31,58,53,53,10,59.0,72.0,73.0,9.0,92.0,-1.3,-0.007332318294735205
2019-01-02,298,294,80,45,58.0,53.0,53.0,10.0,92.0,-1.3,0.0014425388684083395
2019-01-03,157,89,97,12,298.0,294.0,80.0,45.0,92.0,-1.3,0.0170745589072283
2019-01-04,86,82,92,9,157.0,89.0,97.0,12.0,92.0,-1.3,-0.016194658179913717
2019-01-08,74,106,65,5,86.0,82.0,92.0,9.0,240.0,-1.3,0.01938688961589718
2019-01-09,98,88,70,9,74.0,106.0,65.0,5.0,240.0,-1.3,-0.00019468888715836531
2019-01-10,79,85,72,8,98.0,88.0,70.0,9.0,240.0,-1.3,0.0015918620903868034
2019-01-11,54,49,58,9,79.0,85.0,72.0,8.0,240.0,-1.3,0.01022399125887772
2019-01-14,80,46,47,9,54.0,49.0,58.0,9.0,240.0,-1.3,0.005045017075442453
2019-01-15,76,66,76,13,80.0,46.0,47.0,9.0,240.0,-1.3,0.0021023125437980364
2019-01-16,99,88,72,9,76.0,66.0,76.0,13.0,240.0,-1.3,0.009813047862850165
2019-01-17,98,85,93,11,99.0,88.0,72.0,9.0,240.0,-1.3,0.0005750872215620678
2019-01-18,213,211,94,20,98.0,85.0,93.0,11.0,240.0,-1.3,0.011345717472404863
2019-01-22,83,87,62,11,213.0,211.0,94.0,20.0,240.0,-1.3,0.0055853271945051
2019-01-23,99,101,58,7,83.0,87.0,62.0,11.0,240.0,-1.3,-0.0074012536817460155
2019-01-24,117,133,77,13,99.0,101.0,58.0,7.0,240.0,-1.3,-0.002272641187833665
2019-01-25,106,76,64,8,117.0,133.0,77.0,13.0,240.0,-1.3,0.0012917442346416618
2019-01-28,95,57,74,9,106.0,76.0,64.0,8.0,240.0,-1.3,0.0006400361432173452
2019-01-29,111,64,102,9,95.0,57.0,74.0,9.0,240.0,-1.3,0.001404761000797314
2019-01-30,85,92,76,7,111.0,64.0,102.0,9.0,240.0,-1.3,-0.0019324037587147274
2019-01-31,80,120,121,20,85.0,92.0,76.0,7.0,240.0,-1.3,0.009354960392304644
2019-02-01,78,127,61,8,80.0,120.0,121.0,20.0,240.0,-1.3,0.00904639078912944
2019-02-04,75,99,68,16,78.0,127.0,61.0,8.0,237.0,-1.3,-0.00033314825097158977
2019-02-05,93,143,93,20,75.0,99.0,68.0,16.0,237.0,-1.3,0.006849061493465498
2019-02-06,118,163,126,18,93.0,143.0,93.0,20.0,237.0,-1.3,0.0024225517545148475
2019-02-07,114,155,60,15,118.0,163.0,126.0,18.0,237.0,-1.3,-0.0001832911763628116
2019-02-08,131,111,74,10,114.0,155.0,60.0,15.0,237.0,-1.3,-0.002952683250904301
2019-02-11,112,158,65,19,131.0,111.0,74.0,10.0,237.0,-1.3,0.006400000000000103
2019-02-12,86,113,65,9,112.0,158.0,65.0,19.0,237.0,-1.3,-0.0021386430678465487
2019-02-13,89,116,73,12,86.0,113.0,65.0,9.0,237.0,-1.3,0.006166948094853559
2019-02-14,88,99,79,24,89.0,116.0,73.0,12.0,237.0,-1.3,-0.00014543867941665863
2019-02-15,126,119,58,14,88.0,99.0,79.0,24.0,237.0,-1.3,0.002191540653079198
2019-02-19,150,124,1358,12,126.0,119.0,58.0,14.0,237.0,-1.3,0.00365465335070195
2019-02-20,125,131,656,11,150.0,124.0,1358.0,12.0,237.0,-1.3,0.004955150462962979
2019-02-21,68,66,3353,4,125.0,131.0,656.0,11.0,237.0,-1.3,0.002159749469061671
2019-02-22,94,101,1960,9,68.0,66.0,3353.0,4.0,237.0,-1.3,-0.0010082823190492355
2019-02-25,72,74,1096,8,94.0,101.0,1960.0,9.0,237.0,-1.3,0.0037035705296464454
2019-02-26,70,68,6074,7,72.0,74.0,1096.0,8.0,237.0,-1.3,-0.004310191287001875
2019-02-27,92,92,806,8,70.0,68.0,6074.0,7.0,237.0,-1.3,0.0006806864185146625
2019-02-28,66,59,792,9,92.0,92.0,806.0,8.0,237.0,-1.3,0.002441476375125689
2019-03-01,42,49,1185,9,66.0,59.0,792.0,9.0,237.0,-1.3,-0.0010037281330655748
2019-03-04,76,127,821,20,42.0,49.0,1185.0,9.0,237.0,-1.3,-7.131650263864573e-05
2019-03-05,42,75,767,21,76.0,127.0,821.0,20.0,237.0,-1.3,-0.007812500000000161
2019-03-06,58,65,1086,12,42.0,75.0,767.0,21.0,237.0,-1.3,-0.001860198898190021
2019-03-07,74,61,369,11,58.0,65.0,1086.0,12.0,237.0,-1.3,-0.006519792226401552
2019-03-08,78,86,913,14,74.0,61.0,369.0,11.0,237.0,-1.3,-0.006574431961853821
2019-03-11,74,48,1055,7,78.0,86.0,913.0,14.0,-50.0,-1.3,0.005568989521506492
2019-03-12,102,82,1155,4,74.0,48.0,1055.0,7.0,-50.0,-1.3,0.011552713797863864
2019-03-13,106,70,1737,12,102.0,82.0,1155.0,4.0,-50.0,-1.3,0.0015408872643876113
2019-03-14,70,62,530,11,106.0,70.0,1737.0,12.0,-50.0,-1.3,0.0030661722760979638
2019-03-15,91,76,548,6,70.0,62.0,530.0,11.0,-50.0,-1.3,-0.0007463482247573642
2019-03-18,104,95,3139,13,91.0,76.0,548.0,6.0,-50.0,-1.3,0.002744706637199621
2019-03-19,108,133,2583,15,104.0,95.0,3139.0,13.0,-50.0,-1.3,0.0027703782631858377
2019-03-20,37,39,3200,2,108.0,133.0,2583.0,15.0,-50.0,-1.3,-0.003915205812846156
2019-03-21,101,113,1043,8,37.0,39.0,3200.0,2.0,-50.0,-1.3,-0.002161893960873312
2019-03-22,97,88,1069,12,101.0,113.0,1043.0,8.0,-50.0,-1.3,0.014573831242873547
2019-03-25,48,72,1047,15,97.0,88.0,1069.0,12.0,-50.0,-1.3,-0.014017371654544263
2019-03-26,79,64,4756,13,48.0,72.0,1047.0,15.0,-50.0,-1.3,0.0006096030408434608
2019-03-27,54,72,909,12,79.0,64.0,4756.0,13.0,-50.0,-1.3,0.00046264991636711433
2019-03-28,47,43,472,4,54.0,72.0,909.0,12.0,-50.0,-1.3,-0.005193696417772531
2019-03-29,61,67,535,12,47.0,43.0,472.0,4.0,-50.0,-0.9,0.0012841091492775346
2019-04-01,68,135,48063,13,61.0,67.0,535.0,12.0,-50.0,-0.9,0.00031870816955285896
2019-04-02,43,56,697,9,68.0,135.0,48063.0,13.0,-50.0,-0.9,0.003969090270460118
2019-04-03,75,94,469,10,43.0,56.0,697.0,9.0,-50.0,-0.9,-0.00024472101803941116
2019-04-04,57,71,2104,6,75.0,94.0,469.0,10.0,-50.0,-0.9,-0.0031323959348460856
2019-04-05,25,45,459,4,57.0,71.0,2104.0,6.0,-50.0,-0.9,0.0013947974056769444
2019-04-08,86,129,2515,16,25.0,45.0,459.0,4.0,168.0,-0.9,0.0022575715476520464
2019-04-09,51,44,535,7,86.0,129.0,2515.0,16.0,168.0,-0.9,0.002395001735508496
2019-04-10,80,89,955,13,51.0,44.0,535.0,7.0,168.0,-0.9,-0.0014249965243988078
2019-04-11,70,92,901,16,80.0,89.0,955.0,13.0,168.0,-0.9,0.0018069986447511509
2019-04-12,76,104,820,4,70.0,92.0,901.0,16.0,168.0,-0.9,-0.002146591420558822
2019-04-15,195,268,2600,21,76.0,104.0,820.0,4.0,168.0,-0.9,0.0005517241379311207
2019-04-16,99,138,1022,18,195.0,268.0,2600.0,21.0,168.0,-0.9,-0.0009302646085997168
2019-04-17,117,175,579,17,99.0,138.0,1022.0,18.0,168.0,-0.9,-0.0027152431689292447
2019-04-18,76,77,422,17,117.0,175.0,579.0,17.0,168.0,-0.9,-0.006691832532601197
2019-04-22,131,157,1190,16,76.0,77.0,422.0,17.0,168.0,-0.9,-0.00027576697690465677
2019-04-23,93,139,1077,15,131.0,157.0,1190.0,16.0,168.0,-0.9,0.003803990732095189
2019-04-24,75,138,999,8,93.0,139.0,1077.0,15.0,168.0,-0.9,0.0075684601623778325
2019-04-25,119,128,1255,16,75.0,138.0,999.0,8.0,168.0,-0.9,-0.0019126336281976922
2019-04-26,63,94,408,12,119.0,128.0,1255.0,16.0,168.0,-0.9,-0.00023962755032176227
2019-04-29,158,216,1836,13,63.0,94.0,408.0,12.0,168.0,-0.3,0.00448476549127012
2019-04-30,61,78,1210,18,158.0,216.0,1836.0,13.0,168.0,-0.3,0.0012265340192838868
2019-05-01,76,78,1316,6,61.0,78.0,1210.0,18.0,168.0,-0.3,0.0018058536917781613
2019-05-02,89,107,1317,9,76.0,78.0,1316.0,6.0,168.0,-0.3,-0.009873778501628749
2019-05-03,76,83,1966,8,89.0,107.0,1317.0,9.0,168.0,-0.3,-0.001714207350521119
2019-05-06,129,180,960,23,76.0,83.0,1966.0,8.0,219.0,-0.3,0.0041322314049586075
2019-05-07,107,94,922,15,129.0,180.0,960.0,23.0,219.0,-0.3,0.012342264477095912
2019-05-08,81,111,646,14,107.0,94.0,922.0,15.0,219.0,-0.3,-0.007651214888850494
2019-05-09,93,121,947,10,81.0,111.0,646.0,14.0,219.0,-0.3,0.0
2019-05-10,71,87,946,11,93.0,121.0,947.0,10.0,219.0,-0.3,0.005013497878904767
2019-05-13,64,47,633,6,71.0,87.0,946.0,11.0,219.0,-0.3,0.0086828653455641
2019-05-14,92,116,424,21,64.0,47.0,633.0,6.0,219.0,-0.3,-0.005523688124070541
2019-05-15,156,135,1759,23,92.0,116.0,424.0,21.0,219.0,-0.3,0.0050001773112520595
2019-05-16,66,90,1229,11,156.0,135.0,1759.0,23.0,219.0,-0.3,0.012322880784118851
2019-05-17,92,94,2881,15,66.0,90.0,1229.0,11.0,219.0,-0.3,0.006507136859781743
2019-05-20,52,44,601,5,92.0,94.0,2881.0,15.0,219.0,-0.3,0.002454934418180503
2019-05-21,110,77,5582,14,52.0,44.0,601.0,5.0,219.0,-0.3,-0.0003872421319440035
2019-05-22,113,133,6887,10,110.0,77.0,5582.0,14.0,219.0,-0.3,0.002379036490221484
2019-05-23,121,114,2920,16,113.0,133.0,6887.0,10.0,219.0,-0.3,0.0006305832895428512
2019-05-24,132,132,11066,21,121.0,114.0,2920.0,16.0,219.0,-0.3,-0.00360220370108786
2019-05-28,49,67,4911,9,132.0,132.0,11066.0,21.0,219.0,-0.3,-0.0033833791499261173
2019-05-29,154,130,6795,19,49.0,67.0,4911.0,9.0,219.0,-0.3,-0.010385389805362246
2019-05-30,80,79,9027,15,154.0,130.0,6795.0,19.0,219.0,-0.3,-0.002294647018751723
2019-05-31,154,142,6157,30,80.0,79.0,9027.0,15.0,219.0,-0.2,-0.00028662534484626465
2019-06-03,119,112,909,19,154.0,142.0,6157.0,30.0,219.0,-0.2,-0.0033671252715423853
2019-06-04,92,87,858,8,119.0,112.0,909.0,19.0,219.0,-0.2,-0.0026878791180851014
2019-06-05,86,113,5030,13,92.0,87.0,858.0,8.0,219.0,-0.2,0.012305138568129216
2019-06-06,106,131,2984,9,86.0,113.0,5030.0,13.0,219.0,-0.2,0.0022314313037934174
2019-06-07,54,118,9201,15,106.0,131.0,2984.0,9.0,219.0,-0.2,0.0053302269758903975
2019-06-10,82,93,11214,10,54.0,118.0,9201.0,15.0,63.0,-0.2,0.0060154583289615295
2019-06-11,79,98,2992,5,82.0,93.0,11214.0,10.0,63.0,-0.2,-0.0013823133013096632
2019-06-12,98,126,1365,18,79.0,98.0,2992.0,5.0,63.0,-0.2,-0.007182377401285377
2019-06-13,38,63,1153,13,98.0,126.0,1365.0,18.0,63.0,-0.2,-0.0008661308203991131
2019-06-14,78,90,758,24,38.0,63.0,1153.0,13.0,63.0,-0.2,0.0006219765031099063
2019-06-17,62,64,1675,12,78.0,90.0,758.0,24.0,63.0,-0.2,0.0
2019-06-18,62,76,5818,14,62.0,64.0,1675.0,12.0,63.0,-0.2,-0.000518098922354163
2019-06-19,82,121,5064,11,62.0,76.0,5818.0,14.0,63.0,-0.2,0.003466145028998905
2019-06-20,146,190,2390,18,82.0,121.0,5064.0,11.0,63.0,-0.2,0.0017432917450008233
2019-06-21,115,84,3068,8,146.0,190.0,2390.0,18.0,63.0,-0.2,-0.0006080259424402338
2019-06-24,68,76,2190,13,115.0,84.0,3068.0,8.0,63.0,-0.2,-0.00044198143677963984
2019-06-25,58,79,8244,7,68.0,76.0,2190.0,13.0,63.0,-0.2,-0.0020052340006118745
2019-06-26,73,70,4893,3,58.0,79.0,8244.0,7.0,63.0,-0.2,-0.01001021450459652
2019-06-27,72,84,2787,6,73.0,70.0,4893.0,3.0,63.0,-0.2,-0.004387317909168715
2019-06-28,82,83,2725,3,72.0,84.0,2787.0,6.0,63.0,-0.2,0.0006522261508358715
2019-07-01,152,171,15976,24,82.0,83.0,2725.0,3.0,63.0,-0.2,0.0014355048191948044
2019-07-02,55,65,2270,7,152.0,171.0,15976.0,24.0,63.0,-0.2,-0.00343804772819193
2019-07-03,78,105,14288,12,55.0,65.0,2270.0,7.0,63.0,-0.2,0.002773925104022168
2019-07-05,64,65,6495,10,78.0,105.0,14288.0,12.0,63.0,-0.2,0.005451241671714128
2019-07-08,119,66,4418,17,64.0,65.0,6495.0,10.0,175.0,-0.2,0.0034292630446475987
2019-07-09,81,103,11326,13,119.0,66.0,4418.0,17.0,175.0,-0.2,-0.0006397091007036723
2019-07-10,100,111,1963,23,81.0,103.0,11326.0,13.0,175.0,-0.2,0.005583000609054535
2019-07-11,71,89,4090,17,100.0,111.0,1963.0,23.0,175.0,-0.2,0.0008043704125750212
2019-07-12,83,69,880,13,71.0,89.0,4090.0,17.0,175.0,-0.2,-3.340906053718731e-05
2019-07-15,50,55,6347,12,83.0,69.0,880.0,13.0,175.0,-0.2,0.002668000667000015
2019-07-16,101,130,7639,19,50.0,55.0,6347.0,12.0,175.0,-0.2,-0.001261913459303276
2019-07-17,134,149,6762,13,101.0,130.0,7639.0,19.0,175.0,-0.2,-0.002893730251122583
2019-07-18,103,130,2079,14,134.0,149.0,6762.0,13.0,175.0,-0.2,-0.006705587989991629
2019-07-19,89,103,5355,14,103.0,130.0,2079.0,14.0,175.0,-0.2,0.005518355260944131
2019-07-22,79,116,1874,7,89.0,103.0,5355.0,14.0,175.0,-0.2,-0.009565391281162529
2019-07-23,100,120,3468,16,79.0,116.0,1874.0,7.0,175.0,-0.2,0.0009744296226604066
2019-07-24,118,140,8357,20,100.0,120.0,3468.0,16.0,175.0,-0.2,0.002975195560607028
2019-07-25,140,163,2339,30,118.0,140.0,8357.0,20.0,175.0,-0.2,0.007520304823022159
2019-07-26,103,111,2249,13,140.0,163.0,2339.0,30.0,175.0,-0.2,-0.0031235462218382327
2019-07-29,67,101,1068,14,103.0,111.0,2249.0,13.0,175.0,-0.6,0.004156137784279825
2019-07-30,80,74,2644,17,67.0,101.0,1068.0,14.0,175.0,-0.6,-0.0013912813038293886
2019-07-31,131,116,4067,15,80.0,74.0,2644.0,17.0,175.0,-0.6,0.002700810243072929
2019-08-01,125,142,6705,24,131.0,116.0,4067.0,15.0,175.0,-0.6,-0.01182763546961694
2019-08-02,117,129,3340,29,125.0,142.0,6705.0,24.0,175.0,-0.6,-0.009274193548387256
2019-08-05,114,95,8565,10,117.0,129.0,3340.0,29.0,193.0,-0.6,-0.004185809086268566
2019-08-06,175,172,5078,18,114.0,95.0,8565.0,10.0,193.0,-0.6,-0.014821757089798266
2019-08-07,156,138,9423,14,175.0,172.0,5078.0,18.0,193.0,-0.6,0.0066104718267985954
2019-08-08,158,166,6009,11,156.0,138.0,9423.0,14.0,193.0,-0.6,0.012552742616033931
2019-08-09,155,152,1957,25,158.0,166.0,6009.0,11.0,193.0,-0.6,0.013811200883916856
2019-08-12,110,97,8299,14,155.0,152.0,1957.0,25.0,193.0,-0.6,-0.003281153872445073
2019-08-13,156,166,14922,20,110.0,97.0,8299.0,14.0,193.0,-0.6,-0.006518140433163147
2019-08-14,433,445,17206,77,156.0,166.0,14922.0,20.0,193.0,-0.6,0.016716480155696118
2019-08-15,265,214,6566,63,433.0,445.0,17206.0,77.0,193.0,-0.6,-0.014475648279932016
2019-08-16,256,210,13729,42,265.0,214.0,6566.0,63.0,193.0,-0.6,-0.0008073574838529143
2019-08-19,127,148,2963,21,256.0,210.0,13729.0,42.0,193.0,-0.6,0.008272828818765723
2019-08-20,150,192,7623,17,127.0,148.0,2963.0,21.0,193.0,-0.6,0.0004791402854306662
2019-08-21,168,158,6265,18,150.0,192.0,7623.0,17.0,193.0,-0.6,-0.005757960037015481
2019-08-22,137,185,3923,31,168.0,158.0,6265.0,18.0,193.0,-0.6,-0.00010257111597384284
2019-08-23,229,218,11420,41,137.0,185.0,3923.0,31.0,193.0,-0.6,-0.0029669542679807807
2019-08-26,138,155,3958,22,229.0,218.0,11420.0,41.0,193.0,-0.6,-0.02086484256840366
2019-08-27,154,176,1950,14,138.0,155.0,3958.0,22.0,193.0,-0.6,0.002541163365475052
2019-08-28,146,167,6441,22,154.0,176.0,1950.0,14.0,193.0,-0.6,-0.009221523796366704
2019-08-29,192,218,4643,20,146.0,167.0,6441.0,22.0,193.0,-0.6,0.00961068008667086
2019-08-30,152,168,2266,10,192.0,218.0,4643.0,20.0,193.0,-0.5,0.0029480323597969173
2019-09-03,98,104,4129,9,152.0,168.0,2266.0,10.0,193.0,-0.5,-0.006015906464550467
2019-09-04,87,134,4137,16,98.0,104.0,4129.0,9.0,193.0,-0.5,0.000585056957015576
2019-09-05,118,137,3120,15,87.0,134.0,4137.0,16.0,193.0,-0.5,0.003070205362625484
2019-09-06,116,132,5263,22,118.0,137.0,3120.0,15.0,193.0,-0.5,0.003470467333804955
2019-09-09,157,166,3945,41,116.0,132.0,5263.0,22.0,195.0,-0.5,-0.000402454975349648
2019-09-10,163,151,2016,27,157.0,166.0,3945.0,41.0,195.0,-0.5,-0.0031423413786187
2019-09-11,158,164,10825,14,163.0,151.0,2016.0,27.0,195.0,-0.5,0.00258945386064024
2019-09-12,188,182,5336,14,158.0,164.0,10825.0,14.0,195.0,-0.5,0.0059637484504304365
2019-09-13,186,142,1358,27,188.0,182.0,5336.0,14.0,195.0,-0.5,0.0001327800829876198
2019-09-16,161,204,2354,15,186.0,142.0,1358.0,27.0,195.0,-0.5,-0.002286433825965928
2019-09-17,164,203,5432,22,161.0,204.0,2354.0,15.0,195.0,-0.5,0.0010672358591250334
2019-09-18,138,102,1751,20,164.0,203.0,5432.0,22.0,195.0,-0.5,0.003267320130692866
2019-09-19,119,119,1145,10,138.0,102.0,1751.0,20.0,195.0,-0.5,0.0020300176378582105
2019-09-20,176,192,7173,23,119.0,119.0,1145.0,10.0,195.0,-0.5,-0.0014923888170330936
2019-09-23,144,109,7823,19,176.0,192.0,7173.0,23.0,195.0,-0.5,-0.006925023305367029
2019-09-24,128,114,5141,13,144.0,109.0,7823.0,19.0,195.0,-0.5,0.0022181146025876935
2019-09-25,155,171,2876,26,128.0,114.0,5141.0,13.0,195.0,-0.5,-0.011823252396379614
2019-09-26,198,217,5677,21,155.0,171.0,2876.0,26.0,195.0,-0.5,0.005608866062981568
2019-09-27,129,145,4203,4,198.0,217.0,5677.0,21.0,195.0,-0.5,-0.0021167221046265346
2019-09-30,108,78,2301,13,129.0,145.0,4203.0,4.0,195.0,-0.5,-0.008159016888829222
2019-10-01,119,123,4220,11,108.0,78.0,2301.0,13.0,195.0,-0.5,0.002702976653039005
2019-10-02,180,156,7328,22,119.0,123.0,4220.0,11.0,195.0,-0.5,-0.015113857728219254
2019-10-03,173,175,3626,15,180.0,156.0,7328.0,22.0,195.0,-0.5,-0.011801029159519718
2019-10-04,103,83,1121,13,173.0,175.0,3626.0,15.0,195.0,-0.5,0.00906848267954558
2019-10-07,104,77,2943,13,103.0,83.0,1121.0,13.0,221.0,-0.5,0.011025623411417312
2019-10-08,173,145,2800,36,104.0,77.0,2943.0,13.0,221.0,-0.5,-0.0013289262957032854
2019-10-09,130,131,6927,11,173.0,145.0,2800.0,36.0,221.0,-0.5,-0.008624244090159591
2019-10-10,155,147,4276,19,130.0,131.0,6927.0,11.0,221.0,-0.5,0.0017884780739466268
2019-10-11,107,96,3088,14,155.0,147.0,4276.0,19.0,221.0,-0.5,0.007074661721272074
2019-10-14,67,53,1799,12,107.0,96.0,3088.0,14.0,221.0,-0.5,3.375299557832688e-05
2019-10-15,98,125,5178,16,67.0,53.0,1799.0,12.0,221.0,-0.5,6.758355016382863e-05
2019-10-16,171,167,2625,21,98.0,125.0,5178.0,16.0,221.0,-0.5,0.005991248737798629
2019-10-17,217,272,2690,24,171.0,167.0,2625.0,21.0,221.0,-0.5,0.00010054630157178241
2019-10-18,104,173,2066,17,217.0,272.0,2690.0,24.0,221.0,-0.5,-0.0013347570742126072
2019-10-21,108,106,2283,15,104.0,173.0,2066.0,17.0,221.0,-0.5,-0.0024105259633732984
2019-10-22,205,244,2828,15,108.0,106.0,2283.0,15.0,221.0,-0.5,0.0019036804488677878
2019-10-23,233,289,8477,28,205.0,244.0,2828.0,15.0,221.0,-0.5,-0.005223235078847539
2019-10-24,242,306,5779,19,233.0,289.0,8477.0,28.0,221.0,-0.5,0.003849630100759807
2019-10-25,180,210,7791,15,242.0,306.0,5779.0,19.0,221.0,-0.5,-0.0017945565119139289
2019-10-28,158,158,2075,7,180.0,210.0,7791.0,15.0,221.0,-0.5,0.006205377994261739
2019-10-29,187,225,12124,17,158.0,158.0,2075.0,7.0,221.0,-0.5,0.0011883541295306449
2019-10-30,238,298,6171,17,187.0,225.0,12124.0,17.0,221.0,-0.5,0.0006930693069306255
2019-10-31,229,267,7671,20,238.0,298.0,6171.0,17.0,221.0,0.7,0.0023399136538904512
2019-11-01,339,429,5293,18,229.0,267.0,7671.0,20.0,221.0,0.7,-0.002630454082135966
2019-11-04,187,188,6529,24,339.0,429.0,5293.0,18.0,195.0,0.7,0.004001049455594813
2019-11-05,357,308,23999,40,187.0,188.0,6529.0,24.0,195.0,0.7,-0.001559200909533923
2019-11-06,228,196,26969,25,357.0,308.0,23999.0,40.0,195.0,0.7,-0.0018206053512793078
2019-11-07,182,161,3546,23,228.0,196.0,26969.0,25.0,195.0,0.7,0.00022799075008973077
2019-11-08,46,81,84,16,182.0,161.0,3546.0,23.0,195.0,0.7,-0.0012638947402533831
2019-11-11,96,123,103,22,46.0,81.0,84.0,16.0,195.0,0.7,0.003703703703703659
2019-11-12,154,164,123,12,96.0,123.0,103.0,22.0,195.0,0.7,0.0030251772818944986
2019-11-13,116,153,109,17,154.0,164.0,123.0,12.0,195.0,0.7,0.0008097165991902834
2019-11-14,158,142,141,27,116.0,153.0,109.0,17.0,195.0,0.7,0.003864765678282607
2019-11-15,165,212,131,31,158.0,142.0,141.0,27.0,195.0,0.7,0.0024612195990802517
2019-11-18,103,136,88,20,165.0,212.0,131.0,31.0,195.0,0.7,0.002475725033760011
2019-11-19,130,184,374,16,103.0,136.0,88.0,20.0,195.0,0.7,0.0015728822264308704
2019-11-20,135,199,195,17,130.0,184.0,374.0,16.0,195.0,0.7,-0.002398618395804017
2019-11-21,167,154,128,19,135.0,199.0,195.0,17.0,195.0,0.7,-0.0016383962991518598
2019-11-22,106,127,151,17,167.0,154.0,128.0,19.0,195.0,0.7,-0.001994274502235532
2019-11-25,84,128,95,12,106.0,127.0,151.0,17.0,195.0,0.7,-0.0004178854993731572
2019-11-26,133,159,113,26,84.0,128.0,95.0,12.0,195.0,0.7,0.004455413808577429
2019-11-27,142,157,130,24,133.0,159.0,113.0,26.0,195.0,0.7,0.002137774799782901
2019-11-29,57,111,68,19,142.0,157.0,130.0,24.0,195.0,0.5,0.0027653285019548154
2019-12-02,141,129,118,13,57.0,111.0,68.0,19.0,195.0,0.5,-0.0017468081051896444
2019-12-03,128,121,120,20,141.0,129.0,118.0,13.0,195.0,0.5,-0.009377284719793984
2019-12-04,139,150,125,19,128.0,121.0,120.0,20.0,195.0,0.5,0.002915924185971276
2019-12-05,189,240,128,25,139.0,150.0,125.0,19.0,195.0,0.5,0.002446089475378149
2019-12-06,277,334,106,47,189.0,240.0,128.0,25.0,195.0,0.5,-0.0006725811100792247
2019-12-09,78,83,93,12,277.0,334.0,106.0,47.0,234.0,0.5,0.002387622564624984
2019-12-10,162,148,128,24,78.0,83.0,93.0,12.0,234.0,0.5,-0.001780943900267149
2019-12-11,110,138,103,17,162.0,148.0,128.0,24.0,234.0,0.5,-0.0009240966158945269
2019-12-12,108,131,103,12,110.0,138.0,103.0,17.0,234.0,0.5,0.001241919561825441
2019-12-13,99,101,130,19,108.0,131.0,103.0,12.0,234.0,0.5,0.008586966892472056
2019-12-16,152,197,105,24,99.0,101.0,130.0,19.0,234.0,0.5,0.001420140751727802
2019-12-17,138,164,108,18,152.0,197.0,105.0,24.0,234.0,0.5,0.0008771380239332518
2019-12-18,115,155,100,12,138.0,164.0,108.0,18.0,234.0,0.5,-0.00109402350587654
2019-12-19,113,145,126,27,115.0,155.0,100.0,12.0,234.0,0.5,-0.001281250000000078
2019-12-20,129,121,91,18,113.0,145.0,126.0,27.0,234.0,0.5,0.003439649781113089
2019-12-23,125,148,86,8,129.0,121.0,91.0,18.0,234.0,0.5,0.000842538850402667
2019-12-24,55,82,76,11,125.0,148.0,86.0,8.0,234.0,0.5,-0.001150533287726446
2019-12-26,80,138,93,16,55.0,82.0,76.0,11.0,234.0,0.5,-0.0007465704420319441
2019-12-27,58,84,80,9,80.0,138.0,93.0,16.0,234.0,0.5,0.004010570495880679
2019-12-30,78,89,81,12,58.0,84.0,80.0,9.0,234.0,0.5,-0.002718230678939876
2019-12-31,136,149,119,72,78.0,89.0,81.0,12.0,234.0,0.5,-0.005790370026319878
2020-01-02,134,153,1670,28,136.0,149.0,119.0,72.0,234.0,0.5,0.004149377593361124
2020-01-03,191,205,15372,20,134.0,153.0,1670.0,28.0,234.0,0.5,0.004110774556469012
2020-01-06,117,156,113,17,191.0,205.0,15372.0,20.0,234.0,0.5,0.003892140988915182
2020-01-07,124,172,126,22,117.0,156.0,113.0,17.0,234.0,0.5,0.009828699803425931
2020-01-08,223,210,210,29,124.0,172.0,126.0,22.0,234.0,0.5,-0.0008977772274161465
2020-01-09,252,253,178,20,223.0,210.0,210.0,29.0,234.0,0.5,0.004675791168638109
2020-01-10,171,222,139,23,252.0,253.0,178.0,20.0,234.0,0.5,0.0015023301447141045
2020-01-13,144,188,172,23,171.0,222.0,139.0,23.0,161.0,0.5,-0.004827522991842222
2020-01-14,236,362,215,32,144.0,188.0,172.0,23.0,161.0,0.5,0.004779558197248697
2020-01-15,189,214,180,21,236.0,362.0,215.0,32.0,161.0,0.5,-6.107429688227517e-05
2020-01-16,220,305,200,41,189.0,214.0,180.0,21.0,161.0,0.5,0.0025660607912020013
2020-01-17,240,278,194,27,220.0,305.0,200.0,41.0,161.0,0.5,0.003700333636639452
2020-01-21,199,228,173,41,240.0,278.0,194.0,27.0,161.0,0.5,0.0007536930961712392
2020-01-22,225,273,225,38,199.0,228.0,173.0,41.0,161.0,0.5,0.001208824418253352
2020-01-23,208,250,191,31,225.0,273.0,225.0,38.0,161.0,0.5,-0.002708885143270028
2020-01-24,282,370,257,43,208.0,250.0,191.0,31.0,161.0,0.5,0.003296736533285037
2020-01-27,374,348,239,43,282.0,370.0,257.0,43.0,161.0,0.5,-0.011039586090723186
2020-01-28,255,285,668,42,374.0,348.0,239.0,43.0,161.0,0.5,0.0014549732223014188
2020-01-29,298,324,361,55,255.0,285.0,668.0,42.0,161.0,0.5,0.005629729896019148
2020-01-30,236,296,569,37,298.0,324.0,361.0,55.0,161.0,0.5,-0.005359644314513645
2020-01-31,296,333,244,55,236.0,296.0,569.0,37.0,161.0,0.3,0.010235540757183356
2020-02-03,351,361,259,43,296.0,333.0,244.0,55.0,161.0,0.3,-0.016116207951070282
2020-02-04,443,516,520,60,351.0,361.0,259.0,43.0,161.0,0.3,0.002381320550487032
2020-02-05,232,329,264,40,443.0,516.0,520.0,60.0,161.0,0.3,0.003017648672539425
2020-02-06,233,337,244,42,232.0,329.0,264.0,40.0,161.0,0.3,0.0017756643693382847
2020-02-07,252,352,255,49,233.0,337.0,244.0,42.0,161.0,0.3,0.0002096373274235368
2020-02-10,210,377,364,38,252.0,352.0,255.0,49.0,315.0,0.3,-0.0018628688179797024
2020-02-11,366,498,354,76,210.0,377.0,364.0,38.0,315.0,0.3,0.010415723213477005
2020-02-12,337,453,347,50,366.0,498.0,354.0,76.0,315.0,0.3,-0.002677296525464166
2020-02-13,381,423,299,65,337.0,453.0,347.0,50.0,315.0,0.3,0.0017516254490396695
2020-02-14,339,477,332,49,381.0,423.0,299.0,65.0,315.0,0.3,0.003572917286964773
2020-02-18,487,501,296,67,339.0,477.0,332.0,49.0,315.0,0.3,0.0002666587656662968
2020-02-19,328,478,340,60,487.0,501.0,296.0,67.0,315.0,0.3,0.0006537695759413607
2020-02-20,398,529,1469,61,328.0,478.0,340.0,60.0,315.0,0.3,0.0016282305574467995
2020-02-21,495,728,384,87,398.0,529.0,1469.0,61.0,315.0,0.3,-0.002339077396814178
2020-02-24,484,466,319,85,495.0,728.0,384.0,87.0,315.0,0.3,-0.005931976033624494
2020-02-25,484,464,317,87,484.0,466.0,319.0,85.0,315.0,0.3,-0.0022281364114624326
2020-02-26,499,483,359,76,484.0,464.0,317.0,87.0,315.0,0.3,-0.034852133111070015
2020-02-27,765,691,553,83,499.0,483.0,359.0,76.0,315.0,0.3,-0.00853014195684005
2020-02-28,882,806,565,142,765.0,691.0,553.0,83.0,315.0,0.3,-0.02602632095855428
2020-03-02,601,470,445,98,882.0,806.0,565.0,142.0,315.0,0.3,0.02618635261517147
2020-03-03,771,622,395,153,601.0,470.0,445.0,98.0,315.0,0.3,0.03648435666141309
2020-03-04,525,537,323,64,771.0,622.0,395.0,153.0,315.0,0.3,-0.029919224555735032
2020-03-05,469,432,312,61,525.0,537.0,323.0,64.0,315.0,0.3,0.02201750947340915
2020-03-06,652,542,317,90,469.0,432.0,312.0,61.0,315.0,0.3,-0.008262836907338313
2020-03-09,761,633,520,110,652.0,542.0,317.0,90.0,289.0,0.3,0.014702370799931785
2020-03-10,638,517,383,92,761.0,633.0,520.0,110.0,289.0,0.3,-0.0038866690882673203
2020-03-11,686,518,1012,96,638.0,517.0,383.0,92.0,289.0,0.3,0.013279932546374471
2020-03-12,1226,838,770,162,686.0,518.0,1012.0,96.0,289.0,0.3,-0.02258639116494469
2020-03-13,1090,854,699,175,1226.0,838.0,770.0,162.0,289.0,0.3,-0.03082031249999995
2020-03-16,1323,1052,2670,239,1090.0,854.0,699.0,175.0,289.0,0.3,0.02368010946824288
2020-03-17,863,758,2415,133,1323.0,1052.0,2670.0,239.0,289.0,0.3,-0.0055145534455593856
2020-03-18,1209,983,2831,191,863.0,758.0,2415.0,133.0,289.0,0.3,0.03166829905321588
2020-03-19,941,846,2146,138,1209.0,983.0,2831.0,191.0,289.0,0.3,0.015873015873015872
2020-03-20,1181,981,739,171,941.0,846.0,2146.0,138.0,289.0,0.3,0.005266457680250746
2020-03-23,965,741,496,154,1181.0,981.0,739.0,171.0,289.0,0.3,-0.056611553209912124
2020-03-24,863,774,495,149,965.0,741.0,496.0,154.0,289.0,0.3,-0.022963320040317318
2020-03-25,774,688,512,151,863.0,774.0,495.0,149.0,289.0,0.3,0.037240849756846765
2020-03-26,788,659,2967,119,774.0,688.0,512.0,151.0,289.0,0.3,0.007840895168865061
2020-03-27,857,671,1380,146,788.0,659.0,2967.0,119.0,289.0,0.2,0.04680987495992296
2020-03-30,740,679,691,151,857.0,671.0,1380.0,146.0,289.0,0.2,0.0005922533264894272
2020-03-31,767,577,4876,99,740.0,679.0,691.0,151.0,289.0,0.2,0.023269456394211924
2020-04-01,604,482,1323,91,767.0,577.0,4876.0,99.0,289.0,0.2,-0.010784464230887329
2020-04-02,773,529,266,98,604.0,482.0,1323.0,91.0,289.0,0.2,-0.007379627389305525
2020-04-03,821,554,1285,120,773.0,529.0,266.0,98.0,289.0,0.2,0.02708103919409444
2020-04-06,610,501,2037,92,821.0,554.0,1285.0,120.0,289.0,0.2,-0.010248843515712208
2020-04-07,652,570,560,95,610.0,501.0,2037.0,92.0,-1683.0,0.2,0.027226186782500928
2020-04-08,526,425,2932,76,652.0,570.0,560.0,95.0,-1683.0,0.2,-0.03311330731920785
2020-04-09,1091,911,3097,217,526.0,425.0,2932.0,76.0,-1683.0,0.2,0.02265263472160021
2020-04-13,459,401,24843,93,1091.0,911.0,3097.0,217.0,-1683.0,0.2,0.002233590316305225
2020-04-14,748,650,34018,132,459.0,401.0,24843.0,93.0,-1683.0,0.2,-0.005340261239806457
2020-04-15,487,489,14146,73,748.0,650.0,34018.0,132.0,-1683.0,0.2,0.010000711794433776
2020-04-16,526,506,32806,93,487.0,489.0,14146.0,73.0,-1683.0,0.2,0.0006845120149872022
2020-04-17,757,678,8740,119,526.0,506.0,32806.0,93.0,-1683.0,0.2,-0.00017911517105482548
2020-04-20,615,719,596,144,757.0,678.0,8740.0,119.0,-1683.0,0.2,0.0044151657439203545
2020-04-21,793,728,1376,114,615.0,719.0,596.0,144.0,-1683.0,0.2,-0.0036092141113196227
2020-04-22,536,503,1123,77,793.0,728.0,1376.0,114.0,-1683.0,0.2,-0.013334296968163906
2020-04-23,779,710,434,106,536.0,503.0,1123.0,77.0,-1683.0,0.2,0.002694449434165618
2020-04-24,621,657,355,92,779.0,710.0,434.0,106.0,-1683.0,0.2,-0.005026917180648241
2020-04-27,527,582,807,90,621.0,657.0,355.0,92.0,-1683.0,0.2,0.00797919709329252
2020-04-28,543,532,472,77,527.0,582.0,807.0,90.0,-1683.0,0.2,0.006769079685746375
2020-04-29,631,618,386,96,543.0,532.0,472.0,77.0,-1683.0,0.2,-0.01817744484915114
2020-04-30,480,472,314,70,631.0,618.0,386.0,96.0,-1683.0,-0.2,0.005762700236682355
2020-05-01,621,608,352,97,480.0,472.0,314.0,70.0,-1683.0,-0.2,-0.004216516403277095
2020-05-04,450,446,229,61,621.0,608.0,352.0,97.0,-1683.0,-0.2,-0.008832497984648214
2020-05-05,326,434,844,47,450.0,446.0,229.0,61.0,-1683.0,-0.2,0.010080501531666251
2020-05-06,555,562,334,104,326.0,434.0,844.0,47.0,-1683.0,-0.2,-0.0015699134803237116
2020-05-07,622,826,883,110,555.0,562.0,334.0,104.0,-1683.0,-0.2,-0.013157894736842177
2020-05-08,634,661,342,134,622.0,826.0,883.0,110.0,-1683.0,-0.2,-0.0002432667245872917
2020-05-11,496,547,511,71,634.0,661.0,342.0,134.0,-20679.0,-0.2,0.00463774090487486
2020-05-12,454,692,345,81,496.0,547.0,511.0,71.0,-20679.0,-0.2,0.00743955362678248
2020-05-13,456,522,277,86,454.0,692.0,345.0,81.0,-20679.0,-0.2,-0.02423499778753533
2020-05-14,353,531,477,95,456.0,522.0,277.0,86.0,-20679.0,-0.2,-0.015591134726980285
2020-05-15,384,444,425,64,353.0,531.0,477.0,95.0,-20679.0,-0.2,0.02158092848180692
2020-05-18,885,1119,304,156,384.0,444.0,425.0,64.0,-20679.0,-0.2,0.013847080072245522
2020-05-19,467,604,569,91,885.0,1119.0,304.0,156.0,-20679.0,-0.2,0.006654154581129461
2020-05-20,544,604,274,82,467.0,604.0,569.0,91.0,-20679.0,-0.2,-0.008085612366230661
2020-05-21,477,695,531,89,544.0,604.0,274.0,82.0,-20679.0,-0.2,0.003752281792982265
2020-05-22,277,303,375,35,477.0,695.0,531.0,89.0,-20679.0,-0.2,-0.0064355268034638115
2020-05-26,434,607,259,77,277.0,303.0,375.0,35.0,-20679.0,-0.2,0.0029534575822385326
2020-05-27,516,684,293,92,434.0,607.0,259.0,77.0,-20679.0,-0.2,-0.009439274003908264
2020-05-28,366,439,299,79,516.0,684.0,293.0,92.0,-20679.0,-0.2,0.004667019727260586
2020-05-29,241,239,418,47,366.0,439.0,299.0,79.0,-20679.0,0.0,-0.005514524864598557
2020-06-01,398,535,734,69,241.0,239.0,418.0,47.0,-20679.0,0.0,0.006149573497322006
2020-06-02,376,469,571,55,398.0,535.0,734.0,69.0,-20679.0,0.0,0.006356629998023868
2020-06-03,176,276,483,35,376.0,469.0,571.0,55.0,-20679.0,0.0,0.004991029195889653
2020-06-04,60,83,215,6,176.0,276.0,483.0,35.0,-20679.0,0.0,0.006253223310985036
2020-06-05,101,139,268,19,60.0,83.0,215.0,6.0,-20679.0,0.0,0.0008035742984796374
2020-06-08,167,227,3882,41,101.0,139.0,268.0,19.0,2833.0,0.0,0.006651325536676723
2020-06-09,50,58,4762,9,167.0,227.0,3882.0,41.0,2833.0,0.0,0.009306102054837178
2020-06-10,114,131,4473,23,50.0,58.0,4762.0,9.0,2833.0,0.0,0.0015298157976896946
2020-06-11,494,547,12300,116,114.0,131.0,4473.0,23.0,2833.0,0.0,-0.007529089664613328
2020-06-12,325,303,11686,52,494.0,547.0,12300.0,116.0,2833.0,0.0,-0.03483593398831299
2020-06-15,559,550,1498,100,325.0,303.0,11686.0,52.0,2833.0,0.0,-0.013074227874383693
2020-06-16,514,488,1387,101,559.0,550.0,1498.0,100.0,2833.0,0.0,0.030299979867123118
2020-06-17,442,494,1943,63,514.0,488.0,1387.0,101.0,2833.0,0.0,-0.007987828071510201
2020-06-18,500,529,460,77,442.0,494.0,1943.0,63.0,2833.0,0.0,-0.007673448594262324
2020-06-19,515,573,669,89,500.0,529.0,460.0,77.0,2833.0,0.0,0.00570949324215342
2020-06-22,259,299,1015,60,515.0,573.0,669.0,89.0,2833.0,0.0,-0.01760193525798144
2020-06-23,283,328,754,48,259.0,299.0,1015.0,60.0,2833.0,0.0,0.008539238286957353
2020-06-24,484,388,1666,96,283.0,328.0,754.0,48.0,2833.0,0.0,-0.004593447956872621
2020-06-25,384,405,213,64,484.0,388.0,1666.0,96.0,2833.0,0.0,-0.01855796540149755
2020-06-26,361,371,726,53,384.0,405.0,213.0,64.0,2833.0,0.0,0.012785448314495651
2020-06-29,196,275,791,59,361.0,371.0,726.0,53.0,2833.0,0.0,-0.019956885288737958
2020-06-30,373,385,616,50,196.0,275.0,791.0,59.0,2833.0,0.0,0.010119106864403815
2020-07-01,370,428,218,49,373.0,385.0,616.0,50.0,2833.0,0.0,0.014375472877397297
2020-07-02,424,591,210,69,370.0,428.0,218.0,49.0,2833.0,0.0,0.0030687728139031194
2020-07-06,276,373,1340,58,424.0,591.0,210.0,69.0,4846.0,0.0,-0.006396384928716875
2020-07-07,391,514,241,78,276.0,373.0,1340.0,58.0,4846.0,0.0,0.0021493820526598817
2020-07-08,374,417,709,65,391.0,514.0,241.0,78.0,4846.0,0.0,-0.005073244974316771
2020-07-09,382,473,665,70,374.0,417.0,709.0,65.0,4846.0,0.0,0.004990305457550596
2020-07-10,451,561,263,67,382.0,473.0,665.0,70.0,4846.0,0.0,-0.007764171190506184
2020-07-13,479,587,272,110,451.0,561.0,263.0,67.0,4846.0,0.0,0.010435557252394045
2020-07-14,331,404,4459,49,479.0,587.0,272.0,110.0,4846.0,0.0,-0.016524536906881642
2020-07-15,230,327,4511,84,331.0,404.0,4459.0,49.0,4846.0,0.0,0.017938078518991398
2020-07-16,416,553,254,59,230.0,327.0,4511.0,84.0,4846.0,0.0,-0.001736918830061109
2020-07-17,372,492,202,58,416.0,553.0,254.0,59.0,4846.0,0.0,0.0031270521279589732
2020-07-20,301,440,8107,47,372.0,492.0,202.0,58.0,4846.0,0.0,-0.0004970796570149378
2020-07-21,336,547,9291,57,301.0,440.0,8107.0,47.0,4846.0,0.0,0.008991071150794843
2020-07-22,211,224,5838,32,336.0,547.0,9291.0,57.0,4846.0,0.0,-0.004411088987593805
2020-07-23,258,359,5750,52,211.0,224.0,5838.0,32.0,4846.0,0.0,0.0069003758240404455
2020-07-24,286,301,3003,35,258.0,359.0,5750.0,52.0,4846.0,0.0,-0.010751370723190636
2020-07-27,378,489,200,67,286.0,301.0,3003.0,35.0,4846.0,0.0,-0.0002181025081788228
2020-07-28,464,509,252,71,378.0,489.0,200.0,67.0,4846.0,0.0,0.0049435686969500105
2020-07-29,500,498,240,71,464.0,509.0,252.0,71.0,4846.0,0.0,-0.003907824954253607
2020-07-30,437,463,274,64,500.0,498.0,240.0,71.0,4846.0,0.0,0.009313299391531108
2020-07-31,355,513,252,54,437.0,463.0,274.0,64.0,4846.0,1.5,0.006399502951227097
2020-08-03,448,834,238,97,355.0,513.0,252.0,54.0,4846.0,1.5,0.0019024240564590503
2020-08-04,494,755,309,80,448.0,834.0,238.0,97.0,4846.0,1.5,0.0014315302144250347
2020-08-05,489,749,300,85,494.0,755.0,309.0,80.0,4846.0,1.5,0.006710181174891687
2020-08-06,491,745,312,75,489.0,749.0,300.0,85.0,4846.0,1.5,0.0019307931336168766
2020-08-07,426,640,281,58,491.0,745.0,312.0,75.0,4846.0,1.5,0.008598108060247387
2020-08-10,429,642,239,65,426.0,640.0,281.0,58.0,1726.0,1.5,0.0038706192990879155
2020-08-11,377,476,259,60,429.0,642.0,239.0,65.0,1726.0,1.5,0.001522115442010359
2020-08-12,445,581,274,71,377.0,476.0,259.0,60.0,1726.0,1.5,-0.012023155707288144
2020-08-13,405,616,261,59,445.0,581.0,274.0,71.0,1726.0,1.5,0.005962318149296446
2020-08-14,562,704,278,79,405.0,616.0,261.0,59.0,1726.0,1.5,0.0006535753542674621
2020-08-17,412,677,216,67,562.0,704.0,278.0,79.0,1726.0,1.5,0.0012782021937515233
2020-08-18,284,462,224,54,412.0,677.0,216.0,67.0,1726.0,1.5,-8.877315499784789e-05
2020-08-19,358,523,235,58,284.0,462.0,224.0,54.0,1726.0,1.5,0.0008866820358219879
2020-08-20,381,475,254,75,358.0,523.0,235.0,58.0,1726.0,1.5,-0.0053679398318831825
2020-08-21,394,463,259,53,381.0,475.0,254.0,75.0,1726.0,1.5,0.00870706106870217
2020-08-24,311,447,257,46,394.0,463.0,259.0,53.0,1726.0,1.5,0.004616477272727279
2020-08-25,307,416,233,55,311.0,447.0,257.0,46.0,1726.0,1.5,0.002338360809072873
2020-08-26,438,693,310,89,307.0,416.0,233.0,55.0,1726.0,1.5,0.0017174628125637699
2020-08-27,492,688,341,111,438.0,693.0,310.0,89.0,1726.0,1.5,0.008150597517113363
2020-08-28,312,518,265,76,492.0,688.0,341.0,111.0,1726.0,0.3,-0.000516484462425775
2020-08-31,563,861,325,111,312.0,518.0,265.0,76.0,1726.0,0.3,0.0032623626373625985
2020-09-01,431,713,563,87,563.0,861.0,325.0,111.0,1726.0,0.3,-0.002968460111317313
2020-09-02,571,658,371,80,431.0,713.0,563.0,87.0,1726.0,0.3,0.006824476742526037
2020-09-03,683,764,450,126,571.0,658.0,371.0,80.0,1726.0,0.3,0.008543152789917309
2020-09-04,773,882,455,107,683.0,764.0,450.0,126.0,1726.0,0.3,-0.029448956079467268
2020-09-08,425,529,283,87,773.0,882.0,455.0,107.0,1583.0,0.3,-0.010285152977205104
2020-09-09,448,495,306,54,425.0,529.0,283.0,87.0,1583.0,0.3,-0.010394701672062013
2020-09-10,482,522,284,82,448.0,495.0,306.0,54.0,1583.0,0.3,0.00663605391793811
2020-09-11,494,540,248,75,482.0,522.0,284.0,82.0,1583.0,0.3,-0.02319934468433681
2020-09-14,187,243,812,24,494.0,540.0,248.0,75.0,1583.0,0.3,-0.005240902864629834
2020-09-15,479,528,264,80,187.0,243.0,812.0,24.0,1583.0,0.3,0.0028741592343475967
2020-09-16,561,750,319,82,479.0,528.0,264.0,80.0,1583.0,0.3,-0.0027849437148217307
2020-09-17,517,661,267,84,561.0,750.0,319.0,82.0,1583.0,0.3,-0.007876782524669845
2020-09-18,312,360,842,51,517.0,661.0,267.0,84.0,1583.0,0.3,0.006835351960666665
2020-09-21,520,468,275,79,312.0,360.0,842.0,51.0,1583.0,0.3,-0.014074007812267132
2020-09-22,227,331,185,51,520.0,468.0,275.0,79.0,1583.0,0.3,0.003899293828676815
2020-09-23,619,691,350,92,227.0,331.0,185.0,51.0,1583.0,0.3,0.005265240283653464
2020-09-24,424,469,248,71,619.0,691.0,350.0,92.0,1583.0,0.3,-0.02496222423692956
2020-09-25,278,250,128,57,424.0,469.0,248.0,71.0,1583.0,0.3,0.007097939107153891
2020-09-28,247,385,155,35,278.0,250.0,128.0,57.0,1583.0,0.3,0.01906503813007637
2020-09-29,332,392,208,80,247.0,385.0,155.0,35.0,1583.0,0.3,0.002910989736510325
2020-09-30,239,391,177,46,332.0,392.0,208.0,80.0,1583.0,0.3,-0.004790849477498047
2020-10-01,308,392,507,65,239.0,391.0,177.0,46.0,1583.0,0.0,0.005403944879762261
2020-10-02,271,364,204,57,308.0,392.0,507.0,65.0,1583.0,0.0,-0.0019248423109952245
2020-10-05,320,420,153,55,271.0,364.0,204.0,57.0,716.0,0.0,0.006451612903225766
2020-10-06,294,410,216,56,320.0,420.0,153.0,55.0,716.0,0.0,0.01100993870142233
2020-10-07,320,419,208,47,294.0,410.0,216.0,56.0,716.0,0.0,-0.014650937012738719
2020-10-08,310,434,235,56,320.0,419.0,208.0,47.0,716.0,0.0,0.00780787885957644
2020-10-09,338,494,233,60,310.0,434.0,235.0,56.0,716.0,0.0,0.002712556511593845
2020-10-12,314,443,209,64,338.0,494.0,233.0,60.0,716.0,0.0,0.003733070957286782
2020-10-13,282,433,234,74,314.0,443.0,209.0,64.0,716.0,0.0,0.008123802168254332
2020-10-14,419,529,247,73,282.0,433.0,234.0,74.0,716.0,0.0,-0.006103099806971663
2020-10-15,417,562,284,55,419.0,529.0,247.0,73.0,716.0,0.0,-0.00803991446899499
2020-10-16,364,524,251,59,417.0,562.0,284.0,55.0,716.0,0.0,0.011026737656745571
2020-10-19,155,204,108,40,364.0,524.0,251.0,59.0,716.0,0.0,-0.0047856487849609105
2020-10-20,532,454,232,54,155.0,204.0,108.0,40.0,716.0,0.0,-0.019044887422916927
2020-10-21,502,634,324,83,532.0,454.0,232.0,54.0,716.0,0.0,-0.00023292377569435766
2020-10-22,307,524,273,54,502.0,634.0,324.0,83.0,716.0,0.0,-0.0017475897824249726
2020-10-23,228,449,227,51,307.0,524.0,273.0,54.0,716.0,0.0,0.0048110566829952005
2020-10-26,228,336,202,41,228.0,449.0,227.0,51.0,716.0,0.0,-0.000433613736883283
2020-10-27,297,372,230,54,228.0,336.0,202.0,41.0,716.0,0.0,-0.008008651682109166
2020-10-28,370,456,282,46,297.0,372.0,230.0,54.0,716.0,0.0,-0.004532611255003425
2020-10-29,327,403,259,51,370.0,456.0,282.0,46.0,716.0,0.0,-0.01638060825052694
2020-10-30,324,322,215,46,327.0,403.0,259.0,51.0,716.0,0.3,0.00939096387384905
2020-11-02,196,269,155,41,324.0,322.0,215.0,46.0,716.0,0.3,-0.005300353356890314
2020-11-03,256,318,172,46,196.0,269.0,155.0,41.0,716.0,0.3,0.0
2020-11-04,226,243,190,40,256.0,318.0,172.0,46.0,716.0,0.3,0.0070124966286073155
2020-11-05,9,14,12,3,226.0,243.0,190.0,40.0,716.0,0.3,0.007862465528369438
2020-11-06,95,70,57,12,9.0,14.0,12.0,3.0,716.0,0.3,0.002863360439812164
2020-11-09,276,398,376,53,95.0,70.0,57.0,12.0,680.0,0.3,0.0006572743120053103
2020-11-10,205,308,275,41,276.0,398.0,376.0,53.0,680.0,0.3,-0.025853779157622943
2020-11-11,187,238,207,33,205.0,308.0,275.0,41.0,680.0,0.3,0.0015559138872387093
2020-11-12,301,390,279,48,187.0,238.0,207.0,33.0,680.0,0.3,0.0007575757575758661
2020-11-13,316,436,532,52,301.0,390.0,279.0,48.0,680.0,0.3,-0.0066651667697845895
2020-11-16,196,341,16019,31,316.0,436.0,532.0,52.0,680.0,0.3,0.00796577251104805
2020-11-17,226,290,5330,39,196.0,341.0,16019.0,31.0,680.0,0.3,0.004404676159343939
2020-11-18,357,496,3540,64,226.0,290.0,5330.0,39.0,680.0,0.3,0.0018057060310580804
2020-11-19,365,504,1250,67,357.0,496.0,3540.0,64.0,680.0,0.3,-0.012828683051176338
2020-11-20,297,530,406,73,365.0,504.0,1250.0,67.0,680.0,0.3,0.006130483689538666
2020-11-23,343,725,462,75,297.0,530.0,406.0,73.0,680.0,0.3,-0.006069930069930114
2020-11-24,524,923,646,92,343.0,725.0,462.0,75.0,680.0,0.3,0.000503806538289316
2020-11-25,715,1351,1090,145,524.0,923.0,646.0,92.0,680.0,0.3,0.008356236639738064
2020-11-27,822,1278,1580,177,715.0,1351.0,1090.0,145.0,680.0,0.3,-0.0012943023159749138
2020-11-30,933,1428,986,172,822.0,1278.0,1580.0,177.0,680.0,0.3,-0.000467238346525833
2020-12-01,879,1240,798,143,933.0,1428.0,986.0,172.0,680.0,0.3,-0.002122205991786737
2020-12-02,801,1181,650,175,879.0,1240.0,798.0,143.0,680.0,0.3,0.0012309543999780852
2020-12-03,385,500,282,67,801.0,1181.0,650.0,175.0,680.0,0.3,0.0053999232498219045
2020-12-04,357,666,545,66,385.0,500.0,282.0,67.0,680.0,0.3,2.727173557322708e-05
2020-12-07,513,806,306,84,357.0,666.0,545.0,66.0,264.0,0.3,0.006887727322225932
2020-12-08,495,897,333,134,513.0,806.0,306.0,84.0,264.0,0.3,0.00018969161563057063
2020-12-09,576,779,334,97,495.0,897.0,333.0,134.0,264.0,0.3,0.006662678124660036
2020-12-10,521,819,310,87,576.0,779.0,334.0,97.0,264.0,0.3,-0.010866048317515026
2020-12-11,708,1135,252,100,521.0,819.0,310.0,87.0,264.0,0.3,0.0037222541533240647
2020-12-14,435,712,173,76,708.0,1135.0,252.0,100.0,264.0,0.3,0.003836667580159041
2020-12-15,294,574,163,63,435.0,712.0,173.0,76.0,264.0,0.3,-0.010796440972222118
2020-12-16,527,778,247,107,294.0,574.0,163.0,63.0,264.0,0.3,0.005960805661404458
2020-12-17,280,431,885,44,527.0,778.0,247.0,107.0,264.0,0.3,0.0009464063598507997
2020-12-18,186,304,2765,59,280.0,431.0,885.0,44.0,264.0,0.3,0.000806581706726922
2020-12-21,362,645,187,70,186.0,304.0,2765.0,59.0,264.0,0.3,-0.004825188020594712
2020-12-22,465,696,202,67,362.0,645.0,187.0,70.0,264.0,0.3,0.007918459051428847
2020-12-23,536,793,224,86,465.0,696.0,202.0,67.0,264.0,0.0,-0.0026343662583850807
2020-12-24,576,718,321,85,536.0,793.0,224.0,86.0,264.0,0.0,-0.001927880960138969
2020-12-28,432,681,201,83,576.0,718.0,321.0,85.0,264.0,0.0,0.002499456639860943
2020-12-29,495,778,271,78,432.0,681.0,201.0,83.0,264.0,0.0,0.0011567224404153626
2020-12-30,351,660,168,68,495.0,778.0,271.0,78.0,264.0,0.0,-0.006286616195393443
2020-12-31,530,791,207,118,351.0,660.0,168.0,68.0,264.0,0.0,-0.0009400010742868504
2021-01-04,355,684,144,83,530.0,791.0,207.0,118.0,264.0,0.0,0.0056485018021411116
2021-01-05,468,860,144,100,355.0,684.0,144.0,83.0,264.0,0.0,-0.01737230556073641
2021-01-06,302,425,280,52,468.0,860.0,144.0,100.0,264.0,0.0,0.00877478945938593
2021-01-07,328,567,373,57,302.0,425.0,280.0,52.0,264.0,0.0,0.010386519163668909
2021-01-08,424,644,365,69,328.0,567.0,373.0,57.0,264.0,0.0,0.007976601967561819
2021-01-11,390,641,816,69,424.0,644.0,365.0,69.0,-227.0,0.0,0.0017604246039045058
2021-01-12,318,616,564,67,390.0,641.0,816.0,69.0,-227.0,0.0,0.002223104406510454
2021-01-13,695,1078,2090,105,318.0,616.0,564.0,67.0,-227.0,0.0,-0.0003167146137401477
2021-01-14,732,1175,2319,125,695.0,1078.0,2090.0,105.0,-227.0,0.0,0.002904750587551884
2021-01-15,725,1325,2631,146,732.0,1175.0,2319.0,125.0,-227.0,0.0,-0.0055965737407708965
2021-01-19,701,1066,1798,124,725.0,1325.0,2631.0,146.0,-227.0,0.0,-0.002707581227436925
2021-01-20,718,1085,1781,118,701.0,1066.0,1798.0,124.0,-227.0,0.0,0.000819368821694778
2021-01-21,822,1297,1188,154,718.0,1085.0,1781.0,118.0,-227.0,0.0,0.0072944819081104464
2021-01-22,1743,2524,1556,326,822.0,1297.0,1188.0,154.0,-227.0,0.0,-0.0006502119691019272
2021-01-25,2959,4338,3879,523,1743.0,2524.0,1556.0,326.0,-227.0,0.0,0.0016481360366252336
2021-01-26,2794,3335,2106,480,2959.0,4338.0,3879.0,523.0,-227.0,0.0,0.0018766127140510608
2021-01-27,5737,6770,145439,1037,2794.0,3335.0,2106.0,480.0,-227.0,0.0,-0.004203315949248864
2021-01-28,16641,13053,222363,2711,5737.0,6770.0,145439.0,1037.0,-227.0,0.0,-0.01528062700541792
2021-01-29,4253,3727,1951,678,16641.0,13053.0,222363.0,2711.0,-227.0,0.1,0.0033744287384418693
2021-02-01,1880,1933,947723,338,4253.0,3727.0,1951.0,678.0,-227.0,0.1,-0.014801799643265988
2021-02-02,3893,3505,1043095,556,1880.0,1933.0,947723.0,338.0,-227.0,0.1,0.006716258161190171
2021-02-03,1544,1795,476223,276,3893.0,3505.0,1043095.0,556.0,-227.0,0.1,0.005004609508758156
2021-02-04,4073,3846,439712,698,1544.0,1795.0,476223.0,276.0,-227.0,0.1,-0.0015296717089178019
