day,favorites
2016-01-01,68955
2016-01-02,73713
2016-01-03,101064
2016-01-04,20981
2016-01-05,47671
2016-01-06,72151
2016-01-07,58819
2016-01-08,62336
2016-01-09,34072
2016-01-10,53400
2016-01-11,51173
2016-01-12,41659
2016-01-13,92630
2016-01-14,68029
2016-01-15,23733
2016-01-16,117943
2016-01-17,40668
2016-01-18,34664
2016-01-19,65897
2016-01-20,55343
2016-01-21,56351
2016-01-22,107921
2016-01-23,109170
2016-01-24,63476
2016-01-25,66970
2016-01-26,116031
2016-01-27,100835
2016-01-28,159345
2016-01-29,137088
2016-01-30,94241
2016-01-31,87133
2016-02-01,21738
2016-02-02,114349
2016-02-03,104336
2016-02-04,61588
2016-02-05,51374
2016-02-06,95008
2016-02-07,105405
2016-02-08,79084
2016-02-09,124127
2016-02-10,72080
2016-02-11,89222
2016-02-12,113717
2016-02-13,124105
2016-02-14,171106
2016-02-15,66900
2016-02-16,66917
2016-02-17,135939
2016-02-18,78971
2016-02-19,112923
2016-02-20,118816
2016-02-21,88813
2016-02-22,127883
2016-02-23,155873
2016-02-24,154433
2016-02-25,189031
2016-02-26,219660
2016-02-27,150127
2016-02-28,239491
2016-02-29,117575
2016-03-01,108444
2016-03-02,271340
2016-03-03,225439
2016-03-04,107830
2016-03-05,159163
2016-03-06,144144
2016-03-07,160196
2016-03-08,192211
2016-03-09,119758
2016-03-10,21432
2016-03-11,113228
2016-03-12,268097
2016-03-13,128556
2016-03-14,78890
2016-03-15,298608
2016-03-16,318182
2016-03-17,171487
2016-03-18,195870
2016-03-19,266470
2016-03-20,233168
2016-03-21,14473
2016-03-22,232905
2016-03-23,292472
2016-03-24,345685
2016-03-25,13511
2016-03-26,220072
2016-03-27,132669
2016-03-28,123048
2016-03-29,226457
2016-03-30,86798
2016-03-31,92698
2016-04-01,136965
2016-04-02,118243
2016-04-03,117486
2016-04-04,97072
2016-04-05,116149
2016-04-06,20628
2016-04-07,57722
2016-04-08,125509
2016-04-09,152509
2016-04-10,132711
2016-04-11,137704
2016-04-12,65011
2016-04-13,35086
2016-04-14,71624
2016-04-15,31244
2016-04-16,110480
2016-04-17,136489
2016-04-18,56288
2016-04-19,134906
2016-04-20,130637
2016-04-21,106798
2016-04-22,52737
2016-04-23,87572
2016-04-24,74010
2016-04-25,138009
2016-04-26,142497
2016-04-27,152826
2016-04-28,163034
2016-04-29,125694
2016-04-30,81850
2016-05-01,102623
2016-05-02,146238
2016-05-03,165969
2016-05-04,88255
2016-05-05,194095
2016-05-06,246466
2016-05-07,131634
2016-05-08,75077
2016-05-09,159922
2016-05-10,159761
2016-05-11,211703
2016-05-12,36831
2016-05-13,47066
2016-05-14,73632
2016-05-15,154939
2016-05-16,163845
2016-05-17,218320
2016-05-18,320888
2016-05-19,80085
2016-05-20,161629
2016-05-21,179668
2016-05-22,202449
2016-05-23,51208
2016-05-24,124673
2016-05-25,196282
2016-05-26,108580
2016-05-27,61397
2016-05-28,176471
2016-05-29,106878
2016-05-30,156953
2016-05-31,122838
2016-06-01,53326
2016-06-02,229776
2016-06-03,172336
2016-06-04,129045
2016-06-05,57842
2016-06-06,129170
2016-06-07,54070
2016-06-08,159690
2016-06-09,475535
2016-06-10,204603
2016-06-11,183776
2016-06-12,353247
2016-06-13,182567
2016-06-14,172556
2016-06-15,123780
2016-06-16,56606
2016-06-17,140091
2016-06-18,52714
2016-06-19,99769
2016-06-20,41531
2016-06-21,244789
2016-06-22,94869
2016-06-23,203196
2016-06-24,255648
2016-06-25,69388
2016-06-26,259609
2016-06-27,108981
2016-06-28,148221
2016-06-29,113064
2016-06-30,137945
2016-07-01,133144
2016-07-02,214376
2016-07-03,148565
2016-07-04,230324
2016-07-05,166407
2016-07-06,265949
2016-07-07,123450
2016-07-08,225502
2016-07-09,39334
2016-07-10,126239
2016-07-11,61128
2016-07-12,285599
2016-07-13,255007
2016-07-14,176495
2016-07-15,175476
2016-07-16,151874
2016-07-17,365256
2016-07-18,89677
2016-07-19,238505
2016-07-20,359963
2016-07-21,433228
2016-07-22,186813
2016-07-23,366485
2016-07-24,441860
2016-07-25,446765
2016-07-26,479213
2016-07-27,590421
2016-07-28,350012
2016-07-29,689161
2016-07-30,600662
2016-07-31,177660
2016-08-01,454687
2016-08-02,325161
2016-08-03,164744
2016-08-04,94043
2016-08-05,415175
2016-08-06,194763
2016-08-07,184760
2016-08-08,172874
2016-08-09,116862
2016-08-10,313876
2016-08-11,95397
2016-08-12,250298
2016-08-13,159401
2016-08-14,265007
2016-08-15,116139
2016-08-16,60479
2016-08-17,161912
2016-08-18,82192
2016-08-19,170137
2016-08-20,207421
2016-08-21,79447
2016-08-22,193807
2016-08-23,182883
2016-08-24,137755
2016-08-25,205661
2016-08-26,314132
2016-08-27,153021
2016-08-28,168439
2016-08-29,197913
2016-08-30,95531
2016-08-31,92204
2016-09-01,317670
2016-09-02,105406
2016-09-03,125796
2016-09-04,188869
2016-09-05,175091
2016-09-06,205636
2016-09-07,115651
2016-09-08,243439
2016-09-09,192069
2016-09-10,270341
2016-09-11,43732
2016-09-12,46954
2016-09-13,104380
2016-09-14,200098
2016-09-15,190932
2016-09-16,101906
2016-09-17,276781
2016-09-18,70061
2016-09-19,214018
2016-09-20,236374
2016-09-21,154373
2016-09-22,62249
2016-09-23,106014
2016-09-24,168155
2016-09-25,94245
2016-09-26,145166
2016-09-27,959835
2016-09-28,153329
2016-09-29,132504
2016-09-30,396634
2016-10-01,155078
2016-10-02,190197
2016-10-03,42573
2016-10-04,128572
2016-10-05,924564
2016-10-06,220919
2016-10-07,59043
2016-10-08,234380
2016-10-09,314016
2016-10-10,1025395
2016-10-11,536250
2016-10-12,246486
2016-10-13,268248
2016-10-14,103535
2016-10-15,422850
2016-10-16,524630
2016-10-17,539880
2016-10-18,272839
2016-10-19,321372
2016-10-20,1345482
2016-10-21,227853
2016-10-22,340849
2016-10-23,296530
2016-10-24,384636
2016-10-25,431103
2016-10-26,115225
2016-10-27,340951
2016-10-28,207128
2016-10-29,253579
2016-10-30,282685
2016-10-31,168838
2016-11-01,330281
2016-11-02,446389
2016-11-03,281685
2016-11-04,304545
2016-11-05,246815
2016-11-06,177577
2016-11-07,366894
2016-11-08,1118266
2016-11-09,700580
2016-11-10,142625
2016-11-11,832596
2016-11-12,168207
2016-11-13,698929
2016-11-15,254719
2016-11-16,394545
2016-11-17,80424
2016-11-18,340844
2016-11-19,354349
2016-11-20,315201
2016-11-21,84745
2016-11-22,518751
2016-11-23,112344
2016-11-24,416339
2016-11-26,171957
2016-11-27,691133
2016-11-28,209415
2016-11-29,635008
2016-11-30,490073
2016-12-01,184796
2016-12-02,60680
2016-12-03,342152
2016-12-04,531814
2016-12-05,229824
2016-12-06,312721
2016-12-07,144246
2016-12-08,202569
2016-12-09,83114
2016-12-10,296338
2016-12-11,177158
2016-12-12,376357
2016-12-13,368078
2016-12-14,83190
2016-12-15,246927
2016-12-16,202035
2016-12-17,178550
2016-12-18,211281
2016-12-19,279182
2016-12-20,258418
2016-12-21,168375
2016-12-22,255287
2016-12-23,369998
2016-12-24,281600
2016-12-25,310293
2016-12-26,245935
2016-12-27,198224
2016-12-28,392180
2016-12-29,37533
2016-12-30,168324
2016-12-31,346672
2017-01-01,108920
2017-01-02,393165
2017-01-03,480914
2017-01-04,525195
2017-01-05,353179
2017-01-06,606256
2017-01-07,487252
2017-01-08,235942
2017-01-09,610259
2017-01-10,192120
2017-01-11,429611
2017-01-12,457100
2017-01-13,525019
2017-01-14,194613
2017-01-15,610996
2017-01-16,223751
2017-01-17,661811
2017-01-18,482923
2017-01-19,661500
2017-01-20,1623254
2017-01-21,407505
2017-01-22,826405
2017-01-23,153674
2017-01-24,427347
2017-01-25,948277
2017-01-26,827391
2017-01-27,719908
2017-01-28,397006
2017-01-29,819826
2017-01-30,918695
2017-01-31,389755
2017-02-01,566113
2017-02-02,871034
2017-02-03,925798
2017-02-04,1167210
2017-02-05,572403
2017-02-06,598483
2017-02-07,453867
2017-02-08,955873
2017-02-09,740952
2017-02-10,301139
2017-02-11,736405
2017-02-12,686772
2017-02-13,210099
2017-02-14,389765
2017-02-15,839720
2017-02-16,556404
2017-02-17,648445
2017-02-18,326328
2017-02-19,94245
2017-02-20,416762
2017-02-21,269801
2017-02-22,166777
2017-02-23,47681
2017-02-24,431787
2017-02-25,738261
2017-02-26,348789
2017-02-27,135860
2017-02-28,70547
2017-03-01,257391
2017-03-02,150187
2017-03-03,953081
2017-03-04,784170
2017-03-05,333156
2017-03-06,316781
2017-03-07,649797
2017-03-08,463293
2017-03-09,200255
2017-03-10,36216
2017-03-11,88647
2017-03-12,0
2017-03-13,268541
2017-03-14,136776
2017-03-15,515826
2017-03-16,359373
2017-03-17,214355
2017-03-18,151916
2017-03-19,30765
2017-03-20,467602
2017-03-21,208922
2017-03-22,76342
2017-03-23,377982
2017-03-24,242832
2017-03-25,288979
2017-03-26,54003
2017-03-27,91348
2017-03-28,567799
2017-03-29,225499
2017-03-30,327343
2017-03-31,378702
2017-04-01,368294
2017-04-02,199019
2017-04-03,527491
2017-04-04,115238
2017-04-05,57451
2017-04-06,122708
2017-04-07,0
2017-04-08,351708
2017-04-09,113277
2017-04-10,205471
2017-04-11,269825
2017-04-12,354085
2017-04-13,372036
2017-04-14,28250
2017-04-16,446618
2017-04-17,366022
2017-04-18,321174
2017-04-19,211274
2017-04-20,185193
2017-04-21,242978
2017-04-22,389239
2017-04-23,341856
2017-04-24,273610
2017-04-25,232578
2017-04-26,407113
2017-04-27,545948
2017-04-28,169459
2017-04-29,177830
2017-04-30,284790
2017-05-01,62150
2017-05-02,176906
2017-05-03,200369
2017-05-04,363491
2017-05-05,479846
2017-05-06,53716
2017-05-07,213793
2017-05-08,399380
2017-05-09,82220
2017-05-10,542600
2017-05-11,372559
2017-05-12,574894
2017-05-13,139488
2017-05-14,115244
2017-05-15,46658
2017-05-16,364868
2017-05-17,58831
2017-05-18,279236
2017-05-19,169435
2017-05-20,140292
2017-05-21,89457
2017-05-22,57380
2017-05-23,332058
2017-05-24,144786
2017-05-25,151135
2017-05-26,230403
2017-05-27,339734
2017-05-28,486052
2017-05-29,512990
2017-05-30,211121
2017-05-31,803193
2017-06-01,350138
2017-06-02,203727
2017-06-03,418399
2017-06-04,478690
2017-06-05,494993
2017-06-06,607991
2017-06-07,317191
2017-06-09,423634
2017-06-10,146966
2017-06-11,330139
2017-06-12,359125
2017-06-13,562513
2017-06-14,311897
2017-06-15,718990
2017-06-16,563222
2017-06-17,159542
2017-06-18,339291
2017-06-19,383712
2017-06-20,315671
2017-06-21,642256
2017-06-22,822551
2017-06-23,291250
2017-06-24,507402
2017-06-25,117867
2017-06-26,514850
2017-06-27,588236
2017-06-28,413160
2017-06-29,782189
2017-06-30,500552
2017-07-01,965272
2017-07-02,816009
2017-07-03,712753
2017-07-04,568782
2017-07-05,509233
2017-07-06,359124
2017-07-07,589625
2017-07-08,313775
2017-07-09,829315
2017-07-10,417038
2017-07-11,380320
2017-07-12,912673
2017-07-13,223054
2017-07-14,564883
2017-07-15,489881
2017-07-16,570873
2017-07-17,200762
2017-07-18,348392
2017-07-19,313053
2017-07-20,226818
2017-07-21,279026
2017-07-22,930752
2017-07-23,336994
2017-07-24,609894
2017-07-25,1014336
2017-07-26,810963
2017-07-27,519606
2017-07-28,541456
2017-07-29,961169
2017-07-30,89012
2017-07-31,318543
2017-08-01,274785
2017-08-02,225483
2017-08-03,537599
2017-08-04,515529
2017-08-05,498659
2017-08-06,96242
2017-08-07,1011187
2017-08-08,317144
2017-08-09,431626
2017-08-10,332581
2017-08-11,294455
2017-08-12,697403
2017-08-13,0
2017-08-14,542279
2017-08-15,300183
2017-08-16,663834
2017-08-17,1053449
2017-08-18,477940
2017-08-19,826550
2017-08-20,107761
2017-08-21,209553
2017-08-22,378508
2017-08-23,631656
2017-08-24,553551
2017-08-25,676700
2017-08-26,577719
2017-08-27,733628
2017-08-28,0
2017-08-29,187722
2017-08-30,438175
2017-08-31,190597
2017-09-01,486834
2017-09-02,299186
2017-09-03,918477
2017-09-04,102850
2017-09-05,359163
2017-09-06,436346
2017-09-07,422318
2017-09-08,500190
2017-09-09,204583
2017-09-10,145844
2017-09-11,184152
2017-09-12,301423
2017-09-13,222316
2017-09-14,818266
2017-09-15,957120
2017-09-16,155621
2017-09-17,313570
2017-09-18,235174
2017-09-19,527824
2017-09-20,879232
2017-09-21,394656
2017-09-22,559620
2017-09-23,1175917
2017-09-24,1101299
2017-09-25,926179
2017-09-26,913864
2017-09-27,727516
2017-09-28,368667
2017-09-29,490563
2017-09-30,1165055
2017-10-01,597896
2017-10-02,331183
2017-10-03,328142
2017-10-04,651491
2017-10-05,509535
2017-10-06,77247
2017-10-07,701304
2017-10-08,564708
2017-10-09,240499
2017-10-10,651858
2017-10-11,845697
2017-10-12,502714
2017-10-13,679569
2017-10-14,499540
2017-10-15,115599
2017-10-16,502283
2017-10-17,387350
2017-10-18,938346
2017-10-19,407866
2017-10-20,616294
2017-10-21,836850
2017-10-22,369097
2017-10-23,336116
2017-10-24,466696
2017-10-25,666207
2017-10-26,442510
2017-10-27,672849
2017-10-28,718822
2017-10-29,454975
2017-10-30,310592
2017-10-31,774595
2017-11-01,869079
2017-11-02,804173
2017-11-03,1403689
2017-11-04,320190
2017-11-05,485074
2017-11-06,427903
2017-11-07,416423
2017-11-08,680234
2017-11-09,343497
2017-11-10,398306
2017-11-11,263535
2017-11-12,994159
2017-11-13,223325
2017-11-14,471092
2017-11-15,734410
2017-11-16,485018
2017-11-17,449643
2017-11-18,269313
2017-11-19,460395
2017-11-20,386485
2017-11-21,117807
2017-11-22,611983
2017-11-23,603793
2017-11-24,644771
2017-11-25,292846
2017-11-26,280542
2017-11-27,322474
2017-11-28,489868
2017-11-29,873824
2017-11-30,886560
2017-12-01,759569
2017-12-02,351589
2017-12-03,889781
2017-12-04,299841
2017-12-05,99512
2017-12-06,368200
2017-12-07,359202
2017-12-08,535535
2017-12-09,845717
2017-12-10,391698
2017-12-11,114276
2017-12-12,406259
2017-12-13,424976
2017-12-14,357900
2017-12-15,230690
2017-12-16,300055
2017-12-17,126805
2017-12-18,702572
2017-12-19,401989
2017-12-20,473885
2017-12-21,377360
2017-12-22,846795
2017-12-23,380482
2017-12-24,295691
2017-12-25,676211
2017-12-26,305662
2017-12-27,132374
2017-12-28,508435
2017-12-29,486530
2017-12-30,614957
2017-12-31,940624
2018-01-01,456275
2018-01-02,968955
2018-01-03,803739
2018-01-04,955328
2018-01-05,566854
2018-01-06,755131
2018-01-07,512098
2018-01-08,505238
2018-01-09,277576
2018-01-10,692692
2018-01-11,587461
2018-01-12,1210158
2018-01-13,543716
2018-01-14,556948
2018-01-15,274123
2018-01-16,695740
2018-01-17,329065
2018-01-18,1057435
2018-01-19,418231
2018-01-20,988440
2018-01-21,320794
2018-01-22,389330
2018-01-23,515762
2018-01-24,514795
2018-01-25,328283
2018-01-26,433511
2018-01-27,294078
2018-01-28,655581
2018-01-29,71452
2018-01-31,93099
2018-02-01,379312
2018-02-02,573930
2018-02-03,250314
2018-02-04,454998
2018-02-05,800354
2018-02-06,426609
2018-02-07,716098
2018-02-08,429088
2018-02-09,389027
2018-02-10,777830
2018-02-11,359135
2018-02-12,248328
2018-02-13,181425
2018-02-14,348768
2018-02-15,398136
2018-02-16,305586
2018-02-17,614890
2018-02-18,991775
2018-02-19,330324
2018-02-20,851594
2018-02-21,618177
2018-02-22,945137
2018-02-23,719478
2018-02-24,635858
2018-02-25,106372
2018-02-27,506895
2018-02-28,714939
2018-03-01,332230
2018-03-02,762012
2018-03-03,358300
2018-03-04,86892
2018-03-05,518197
2018-03-06,576276
2018-03-07,370938
2018-03-08,251274
2018-03-09,366255
2018-03-10,735818
2018-03-11,445873
2018-03-12,350295
2018-03-13,639102
2018-03-14,621438
2018-03-15,339002
2018-03-16,264383
2018-03-17,436571
2018-03-18,388726
2018-03-19,134943
2018-03-20,204015
2018-03-21,491435
2018-03-22,642413
2018-03-23,429292
2018-03-24,70504
2018-03-25,462855
2018-03-26,319037
2018-03-27,146728
2018-03-28,752957
2018-03-29,327386
2018-03-30,75011
2018-03-31,227019
2018-04-01,465697
2018-04-02,573480
2018-04-03,943912
2018-04-04,501252
2018-04-05,259255
2018-04-06,400355
2018-04-07,508442
2018-04-08,511747
2018-04-09,364798
2018-04-10,449776
2018-04-11,708799
2018-04-12,626256
2018-04-13,587745
2018-04-14,398914
2018-04-15,739439
2018-04-16,178658
2018-04-17,624720
2018-04-18,775767
2018-04-19,788582
2018-04-20,848005
2018-04-21,974392
2018-04-22,672214
2018-04-23,385373
2018-04-24,350529
2018-04-25,827451
2018-04-26,231164
2018-04-27,785417
2018-04-28,677852
2018-04-29,289541
2018-04-30,835158
2018-05-01,494395
2018-05-02,535163
2018-05-03,607001
2018-05-04,788960
2018-05-05,260569
2018-05-07,810291
2018-05-08,425411
2018-05-09,773557
2018-05-10,801061
2018-05-11,427909
2018-05-12,332416
2018-05-13,377184
2018-05-14,667810
2018-05-15,518295
2018-05-16,513968
2018-05-17,723042
2018-05-18,772026
2018-05-19,316274
2018-05-20,755457
2018-05-21,709303
2018-05-22,107069
2018-05-23,1053420
2018-05-24,593152
2018-05-25,930625
2018-05-26,713558
2018-05-27,555040
2018-05-28,687570
2018-05-29,588042
2018-05-30,725661
2018-05-31,774131
2018-06-01,408865
2018-06-02,714730
2018-06-03,362877
2018-06-04,755823
2018-06-05,1081618
2018-06-06,990475
2018-06-07,1134954
2018-06-08,500219
2018-06-09,877435
2018-06-11,1055832
2018-06-12,932842
2018-06-13,1508644
2018-06-14,562614
2018-06-15,975119
2018-06-16,366450
2018-06-17,614455
2018-06-18,1054070
2018-06-19,690590
2018-06-20,906749
2018-06-21,1292326
2018-06-22,926468
2018-06-23,990812
2018-06-24,491084
2018-06-25,1321609
2018-06-26,786847
2018-06-27,1077817
2018-06-28,949471
2018-06-29,192476
2018-06-30,829215
2018-07-01,263887
2018-07-02,245729
2018-07-03,1215032
2018-07-04,440616
2018-07-05,498458
2018-07-06,577016
2018-07-07,413248
2018-07-08,649445
2018-07-09,536847
2018-07-10,923929
2018-07-11,669961
2018-07-12,529895
2018-07-13,213274
2018-07-14,765108
2018-07-15,429884
2018-07-16,813433
2018-07-17,397729
2018-07-18,1032228
2018-07-19,888624
2018-07-20,561158
2018-07-21,461329
2018-07-22,649103
2018-07-23,978023
2018-07-24,881968
2018-07-25,1033629
2018-07-26,780841
2018-07-27,1052432
2018-07-28,220912
2018-07-29,1053360
2018-07-30,607288
2018-07-31,1051292
2018-08-01,750395
2018-08-02,837558
2018-08-03,542557
2018-08-04,887567
2018-08-05,852707
2018-08-06,542791
2018-08-07,253759
2018-08-08,840421
2018-08-09,468391
2018-08-10,813277
2018-08-11,719048
2018-08-12,408609
2018-08-13,792108
2018-08-14,1078955
2018-08-15,835528
2018-08-16,1299042
2018-08-17,1158286
2018-08-18,1071621
2018-08-19,469264
2018-08-20,664383
2018-08-21,850853
2018-08-22,847609
2018-08-23,726014
2018-08-24,889599
2018-08-25,1001126
2018-08-26,446471
2018-08-27,754502
2018-08-28,658535
2018-08-29,1693439
2018-08-30,1224894
2018-08-31,327025
2018-09-01,1130713
2018-09-02,512916
2018-09-03,721187
2018-09-04,685885
2018-09-05,1082396
2018-09-06,694934
2018-09-07,700439
2018-09-08,360495
2018-09-09,1046708
2018-09-10,1086446
2018-09-11,620413
2018-09-12,748360
2018-09-13,629578
2018-09-14,391148
2018-09-15,802312
2018-09-16,439409
2018-09-17,708509
2018-09-18,702673
2018-09-19,651047
2018-09-20,795432
2018-09-21,870762
2018-09-22,392499
2018-09-23,250616
2018-09-24,337184
2018-09-25,866829
2018-09-26,671381
2018-09-27,281610
2018-09-29,344575
2018-09-30,702527
2018-10-01,332813
2018-10-02,711120
2018-10-03,848834
2018-10-04,922971
2018-10-05,592851
2018-10-06,672121
2018-10-07,394773
2018-10-08,405224
2018-10-09,544881
2018-10-10,436874
2018-10-11,380880
2018-10-12,659057
2018-10-13,609999
2018-10-14,582971
2018-10-15,502221
2018-10-16,1196405
2018-10-17,1249613
2018-10-18,844055
2018-10-19,729171
2018-10-20,701404
2018-10-21,632122
2018-10-22,924708
2018-10-23,871770
2018-10-24,581283
2018-10-25,1069115
2018-10-26,886920
2018-10-27,744254
2018-10-28,342592
2018-10-29,901137
2018-10-30,1018776
2018-10-31,997951
2018-11-01,533190
2018-11-02,665696
2018-11-03,1061797
2018-11-04,492702
2018-11-05,923644
2018-11-06,673896
2018-11-07,1404026
2018-11-08,192674
2018-11-09,1196875
2018-11-10,798403
2018-11-11,338741
2018-11-12,732490
2018-11-13,1165047
2018-11-14,349132
2018-11-15,720393
2018-11-16,190654
2018-11-17,734758
2018-11-18,559856
2018-11-19,469413
2018-11-20,79426
2018-11-21,992601
2018-11-22,974099
2018-11-23,324134
2018-11-24,270274
2018-11-25,695832
2018-11-26,817407
2018-11-27,513250
2018-11-28,683108
2018-11-29,841179
2018-11-30,835669
2018-12-01,566389
2018-12-02,65765
2018-12-03,966149
2018-12-04,717962
2018-12-05,634901
2018-12-06,359119
2018-12-07,1611559
2018-12-08,1004366
2018-12-09,342717
2018-12-10,254277
2018-12-11,1011309
2018-12-12,378991
2018-12-13,843915
2018-12-14,412629
2018-12-15,722552
2018-12-16,802318
2018-12-17,443516
2018-12-18,585138
2018-12-19,927199
2018-12-20,1168449
2018-12-21,1597423
2018-12-22,903050
2018-12-23,979914
2018-12-24,1732670
2018-12-25,666015
2018-12-26,200606
2018-12-27,1155004
2018-12-28,568052
2018-12-29,790759
2018-12-30,682905
2018-12-31,1093783
2019-01-01,1900899
2019-01-02,378337
2019-01-03,952254
2019-01-04,824992
2019-01-05,1090452
2019-01-06,1173739
2019-01-07,684184
2019-01-08,561057
2019-01-09,940247
2019-01-10,1121102
2019-01-11,1236372
2019-01-12,1251011
2019-01-13,942329
2019-01-14,1426206
2019-01-15,971503
2019-01-16,321232
2019-01-17,297911
2019-01-18,1301787
2019-01-19,1215569
2019-01-20,1128421
2019-01-21,1531222
2019-01-22,1231395
2019-01-23,997145
2019-01-24,995543
2019-01-25,429352
2019-01-26,1232886
2019-01-27,907008
2019-01-28,837308
2019-01-29,443208
2019-01-30,1009294
2019-01-31,1341093
2019-02-01,1042088
2019-02-02,121792
2019-02-03,570526
2019-02-04,101350
2019-02-05,413462
2019-02-06,291502
2019-02-07,607106
2019-02-08,1033133
2019-02-09,962043
2019-02-10,1111416
2019-02-11,893887
2019-02-12,506869
2019-02-13,467447
2019-02-14,753331
2019-02-15,451575
2019-02-16,199362
2019-02-17,1426038
2019-02-18,979021
2019-02-19,1173355
2019-02-20,1087930
2019-02-21,639053
2019-02-22,560220
2019-02-23,448505
2019-02-24,1329801
2019-02-25,1281802
2019-02-26,609135
2019-02-27,917585
2019-02-28,125530
2019-03-01,1222295
2019-03-02,194869
2019-03-03,811071
2019-03-04,830965
2019-03-05,1367319
2019-03-06,489165
2019-03-07,527685
2019-03-08,1154677
2019-03-09,559055
2019-03-10,490501
2019-03-11,366490
2019-03-12,444071
2019-03-13,1401800
2019-03-14,1042503
2019-03-15,1113922
2019-03-16,732157
2019-03-17,1141320
2019-03-18,1234914
2019-03-19,931401
2019-03-20,932299
2019-03-21,661133
2019-03-22,819497
2019-03-24,1078373
2019-03-25,548016
2019-03-26,815940
2019-03-27,753783
2019-03-28,1241762
2019-03-29,1331236
2019-03-30,500050
2019-03-31,330908
2019-04-01,497974
2019-04-02,1175644
2019-04-03,348270
2019-04-04,1004464
2019-04-05,1061314
2019-04-06,1096824
2019-04-07,395761
2019-04-08,569966
2019-04-09,941174
2019-04-10,770061
2019-04-11,759864
2019-04-12,980196
2019-04-13,995920
2019-04-14,892146
2019-04-15,1969130
2019-04-16,446565
2019-04-17,745098
2019-04-18,1361146
2019-04-19,989146
2019-04-20,775653
2019-04-21,1287153
2019-04-22,1097243
2019-04-23,1413249
2019-04-24,1342193
2019-04-25,680703
2019-04-26,830502
2019-04-27,580538
2019-04-28,564257
2019-04-29,801554
2019-04-30,937582
2019-05-01,688418
2019-05-02,638328
2019-05-03,1349242
2019-05-04,689531
2019-05-05,803451
2019-05-06,1270230
2019-05-07,204634
2019-05-08,1576203
2019-05-09,404375
2019-05-10,1288873
2019-05-11,545699
2019-05-12,1175878
2019-05-13,1709184
2019-05-14,1066313
2019-05-15,514019
2019-05-16,343770
2019-05-17,1365888
2019-05-18,299636
2019-05-19,1353097
2019-05-20,959035
2019-05-21,873100
2019-05-22,1546961
2019-05-23,1085496
2019-05-24,1679055
2019-05-25,718814
2019-05-26,940148
2019-05-27,988868
2019-05-28,566276
2019-05-29,644493
2019-05-30,1449813
2019-05-31,1015394
2019-06-01,610827
2019-06-02,939224
2019-06-03,1267241
2019-06-04,334269
2019-06-05,1060606
2019-06-06,745587
2019-06-07,1028820
2019-06-08,1154976
2019-06-09,1108950
2019-06-10,752543
2019-06-11,1107892
2019-06-12,534285
2019-06-13,1752436
2019-06-14,614857
2019-06-15,734604
2019-06-16,1636655
2019-06-17,475597
2019-06-18,1098008
2019-06-19,1168488
2019-06-20,552969
2019-06-21,867300
2019-06-22,1190433
2019-06-23,335058
2019-06-24,563084
2019-06-25,659232
2019-06-26,1492496
2019-06-27,1366133
2019-06-28,865351
2019-06-29,544009
2019-06-30,409984
2019-07-01,1317964
2019-07-02,1096739
2019-07-03,1810588
2019-07-04,1169154
2019-07-05,872028
2019-07-06,634136
2019-07-07,969382
2019-07-08,685456
2019-07-09,860676
2019-07-10,1279976
2019-07-11,1657002
2019-07-12,1146969
2019-07-13,751262
2019-07-14,994825
2019-07-15,2348843
2019-07-16,1450488
2019-07-17,1614409
2019-07-18,1046211
2019-07-19,1712780
2019-07-20,722802
2019-07-21,1014826
2019-07-22,1616309
2019-07-23,1539406
2019-07-24,1924679
2019-07-25,1869345
2019-07-26,1187667
2019-07-27,1240289
2019-07-28,1883387
2019-07-29,1523329
2019-07-30,1670728
2019-07-31,1237497
2019-08-01,1046946
2019-08-02,1722956
2019-08-03,540891
2019-08-04,1036251
2019-08-05,872292
2019-08-06,1044782
2019-08-07,1544643
2019-08-08,1413602
2019-08-09,461308
2019-08-10,1026400
2019-08-11,452227
2019-08-12,344523
2019-08-13,1082547
2019-08-14,1099236
2019-08-15,1087652
2019-08-16,1275699
2019-08-17,555243
2019-08-18,1045316
2019-08-19,939052
2019-08-20,1327078
2019-08-21,1233104
2019-08-22,591380
2019-08-23,1351913
2019-08-24,1207358
2019-08-25,1158366
2019-08-26,789919
2019-08-27,1142610
2019-08-28,1176890
2019-08-29,869343
2019-08-30,985365
2019-08-31,1130486
2019-09-01,625165
2019-09-02,1028073
2019-09-03,685699
2019-09-04,920846
2019-09-05,1038312
2019-09-06,1163263
2019-09-07,1071107
2019-09-08,429332
2019-09-09,1412409
2019-09-10,632794
2019-09-11,1446796
2019-09-12,865484
2019-09-13,637695
2019-09-14,1013669
2019-09-15,996691
2019-09-16,1386048
2019-09-17,545522
2019-09-18,950009
2019-09-19,600530
2019-09-20,572634
2019-09-21,884712
2019-09-22,1159439
2019-09-23,802665
2019-09-24,1445173
2019-09-25,1337250
2019-09-26,1194995
2019-09-27,1559560
2019-09-28,1303558
2019-09-29,1030892
2019-09-30,2227003
2019-10-01,1434694
2019-10-02,1869828
2019-10-03,1464759
2019-10-04,2048128
2019-10-05,1883048
2019-10-06,1714860
2019-10-07,1288383
2019-10-08,1259436
2019-10-09,1961940
2019-10-10,1286142
2019-10-11,963763
2019-10-12,1184252
2019-10-13,1347342
2019-10-14,1891897
2019-10-15,967712
2019-10-16,1611376
2019-10-17,1600257
2019-10-18,1196087
2019-10-19,1133041
2019-10-20,1171480
2019-10-21,583818
2019-10-22,929634
2019-10-23,1193459
2019-10-24,513807
2019-10-25,1208800
2019-10-26,1606378
2019-10-27,782912
2019-10-28,959484
2019-10-29,1374939
2019-10-30,1436001
2019-10-31,1173460
2019-11-01,2213314
2019-11-02,535065
2019-11-03,1196446
2019-11-04,1514627
2019-11-05,879167
2019-11-06,1001507
2019-11-07,1110161
2019-11-08,293412
2019-11-09,802699
2019-11-10,1117047
2019-11-11,1478434
2019-11-12,624508
2019-11-13,783710
2019-11-14,898495
2019-11-15,1193061
2019-11-16,854804
2019-11-17,1576686
2019-11-18,774768
2019-11-19,487043
2019-11-20,1168786
2019-11-21,1368614
2019-11-22,803417
2019-11-23,744404
2019-11-24,1262612
2019-11-25,499830
2019-11-26,687302
2019-11-27,1333567
2019-11-28,443442
2019-11-29,362078
2019-11-30,394446
2019-12-01,316835
2019-12-02,1743763
2019-12-03,331264
2019-12-04,479131
2019-12-05,1068669
2019-12-06,1180678
2019-12-07,1055657
2019-12-08,1113286
2019-12-09,710230
2019-12-10,1122395
2019-12-11,760424
2019-12-12,1168520
2019-12-13,1717930
2019-12-14,1131688
2019-12-15,1458999
2019-12-16,922998
2019-12-17,1050193
2019-12-18,1844648
2019-12-19,1661163
2019-12-20,1935451
2019-12-21,1319205
2019-12-22,481138
2019-12-23,541153
2019-12-24,969594
2019-12-25,1042157
2019-12-26,1177514
2019-12-27,968491
2019-12-28,1487157
2019-12-29,456520
2019-12-30,176988
2019-12-31,2049397
2020-01-01,893428
2020-01-02,678692
2020-01-03,1887408
2020-01-04,1419812
2020-01-05,1253449
2020-01-06,1230659
2020-01-07,579435
2020-01-08,713124
2020-01-09,1886579
2020-01-10,1130827
2020-01-11,1891255
2020-01-12,2281112
2020-01-13,1376843
2020-01-14,711447
2020-01-15,879021
2020-01-16,1156311
2020-01-17,1743817
2020-01-18,952015
2020-01-19,992179
2020-01-20,1520999
2020-01-21,908865
2020-01-22,1169836
2020-01-23,1727546
2020-01-24,1695355
2020-01-25,1075516
2020-01-26,2614852
2020-01-27,945800
2020-01-28,1240445
2020-01-29,1893224
2020-01-30,1003895
2020-01-31,1036992
2020-02-01,744904
2020-02-02,1142273
2020-02-03,1510157
2020-02-04,1191149
2020-02-05,1801346
2020-02-06,732706
2020-02-07,1636312
2020-02-08,1296135
2020-02-09,2086478
2020-02-10,824138
2020-02-11,1108653
2020-02-12,2182657
2020-02-13,885803
2020-02-14,1180483
2020-02-15,681978
2020-02-16,330049
2020-02-17,1156545
2020-02-18,1610695
2020-02-19,630935
2020-02-20,1731849
2020-02-21,876680
2020-02-22,858399
2020-02-23,958294
2020-02-24,1493672
2020-02-25,677317
2020-02-26,1227376
2020-02-27,239238
2020-02-28,1472639
2020-02-29,902892
2020-03-01,1053583
2020-03-02,1459062
2020-03-03,1154030
2020-03-04,2250760
2020-03-05,1738442
2020-03-06,962415
2020-03-07,319341
2020-03-08,869183
2020-03-09,1653079
2020-03-10,1153741
2020-03-11,1503019
2020-03-12,805272
2020-03-13,1869644
2020-03-14,2063584
2020-03-15,1606894
2020-03-16,1736541
2020-03-17,1079793
2020-03-18,2319454
2020-03-19,830823
2020-03-20,303327
2020-03-21,827424
2020-03-22,1278207
2020-03-23,1988042
2020-03-24,2092812
2020-03-25,1828109
2020-03-26,747728
2020-03-27,1632975
2020-03-28,1536425
2020-03-29,2031206
2020-03-30,845685
2020-03-31,1062846
2020-04-01,557673
2020-04-02,787430
2020-04-03,722091
2020-04-04,1389437
2020-04-05,1003677
2020-04-06,1620621
2020-04-07,1449223
2020-04-08,2379169
2020-04-09,797705
2020-04-10,2139929
2020-04-11,1649118
2020-04-12,2635929
2020-04-13,1613636
2020-04-14,1434409
2020-04-15,572916
2020-04-16,1094940
2020-04-17,2287213
2020-04-18,1603043
2020-04-19,1032683
2020-04-20,1122350
2020-04-21,1962521
2020-04-22,1457101
2020-04-23,1085743
2020-04-24,1385304
2020-04-25,1955212
2020-04-26,1852491
2020-04-27,1517091
2020-04-28,941176
2020-04-29,508189
2020-04-30,1949980
2020-05-01,1270073
2020-05-02,1567479
2020-05-03,1661039
2020-05-04,1255294
2020-05-05,1641920
2020-05-06,772569
2020-05-07,550668
2020-05-08,1031512
2020-05-09,1050837
2020-05-10,2031121
2020-05-11,2039779
2020-05-12,2598556
2020-05-13,1419634
2020-05-14,1571498
2020-05-15,1679074
2020-05-16,2698431
2020-05-17,1703334
2020-05-18,2446265
2020-05-19,854817
2020-05-20,2210549
2020-05-21,1410947
2020-05-22,2040488
2020-05-23,1197742
2020-05-24,1190911
2020-05-25,3042293
2020-05-26,1941761
2020-05-27,2874146
2020-05-28,2511463
2020-05-29,3162795
2020-05-30,2388700
2020-05-31,3229796
2020-06-01,2118172
2020-06-02,4009874
2020-06-03,3092028
2020-06-04,5207368
2020-06-05,2578965
2020-06-06,1854629
2020-06-07,3111881
2020-06-08,2237330
2020-06-09,2425112
2020-06-10,1799274
2020-06-11,2740013
2020-06-12,1198676
2020-06-13,2149116
2020-06-14,1543483
2020-06-15,1568369
2020-06-16,620691
2020-06-17,606363
2020-06-18,3557476
2020-06-19,2774028
2020-06-20,1036090
2020-06-21,1304248
2020-06-22,2410358
2020-06-23,1870480
2020-06-24,1572972
2020-06-25,2262002
2020-06-26,1445330
2020-06-27,2108017
2020-06-28,1206728
2020-06-29,1233640
2020-06-30,1628086
2020-07-01,2032008
2020-07-02,1427520
2020-07-03,1360730
2020-07-04,1746434
2020-07-05,1346786
2020-07-06,2930974
2020-07-07,953408
2020-07-08,1134081
2020-07-09,1945098
2020-07-10,1882658
2020-07-11,870946
2020-07-12,1522958
2020-07-13,1080370
2020-07-14,562430
2020-07-15,1890720
2020-07-16,430869
2020-07-17,737971
2020-07-18,562122
2020-07-19,1178605
2020-07-20,415182
2020-07-21,1025814
2020-07-22,276947
2020-07-23,1056041
2020-07-24,1233352
2020-07-25,1098492
2020-07-26,1598627
2020-07-27,1199465
2020-07-28,711215
2020-07-29,2640449
2020-07-30,2125337
2020-07-31,1154824
2020-08-01,1408480
2020-08-02,1944464
2020-08-03,1604674
2020-08-04,1727208
2020-08-05,1776879
2020-08-06,1296961
2020-08-07,1554843
2020-08-08,443467
2020-08-09,0
2020-08-10,1949708
2020-08-11,1189499
2020-08-12,1649997
2020-08-13,1789787
2020-08-14,2310172
2020-08-15,1155334
2020-08-16,542955
2020-08-17,1495992
2020-08-18,1982850
2020-08-19,2196435
2020-08-20,2406636
2020-08-21,1898869
2020-08-22,1391954
2020-08-23,1307100
2020-08-24,1104729
2020-08-25,2759128
2020-08-26,2594780
2020-08-27,1975024
2020-08-28,2003366
2020-08-29,2272355
2020-08-30,2608586
2020-08-31,1697494
2020-09-01,1821428
2020-09-02,2594019
2020-09-03,2029577
2020-09-04,1763756
2020-09-05,1653560
2020-09-06,1897883
2020-09-07,1636245
2020-09-08,3401750
2020-09-09,2083434
2020-09-10,2302344
2020-09-11,1908895
2020-09-12,2519969
2020-09-13,2309699
2020-09-14,2264584
2020-09-15,1806014
2020-09-16,1353016
2020-09-17,2110947
2020-09-18,2712291
2020-09-19,558326
2020-09-20,2270700
2020-09-21,688675
2020-09-22,1721700
2020-09-23,1549150
2020-09-24,2042075
2020-09-25,1451823
2020-09-26,779315
2020-09-27,1527988
2020-09-28,1340349
2020-09-29,1532338
2020-09-30,4898832
2020-10-01,2186947
2020-10-02,2940089
2020-10-03,3234869
2020-10-04,1814662
2020-10-05,7688372
2020-10-06,3201250
2020-10-07,5631519
2020-10-08,3957250
2020-10-09,3148745
2020-10-10,510376
2020-10-11,1694506
2020-10-12,6239402
2020-10-13,3187812
2020-10-14,2251003
2020-10-15,3443403
2020-10-16,2093878
2020-10-17,2325383
2020-10-18,2993351
2020-10-19,2462076
2020-10-20,1295742
2020-10-21,2587690
2020-10-22,3216542
2020-10-23,3137805
2020-10-24,3845163
2020-10-25,2640086
2020-10-26,2812648
2020-10-27,5390643
2020-10-28,3846656
2020-10-29,2860149
2020-10-30,5170223
2020-10-31,4532330
2020-11-01,5031143
2020-11-02,5944443
2020-11-03,5747559
2020-11-04,3996212
2020-11-05,2509764
2020-11-06,4331851
2020-11-07,4387490
2020-11-08,3333070
2020-11-09,5612636
2020-11-10,8185689
2020-11-11,6017318
2020-11-12,4064891
2020-11-13,2746741
2020-11-14,6012664
2020-11-15,5995013
2020-11-16,6413932
2020-11-17,1326993
2020-11-18,5045673
2020-11-19,4222530
2020-11-20,2022060
2020-11-21,3700158
2020-11-22,3361577
2020-11-23,1101978
2020-11-24,2837953
2020-11-25,3492598
2020-11-26,2592361
2020-11-27,4169071
2020-11-28,2342122
2020-11-29,899637
2020-11-30,3515832
2020-12-01,3702182
2020-12-02,3094416
2020-12-03,2450398
2020-12-04,3537203
2020-12-05,1754122
2020-12-06,2646692
2020-12-07,1540275
2020-12-08,3040254
2020-12-09,3025534
2020-12-10,2941287
2020-12-11,4584694
2020-12-12,5100607
2020-12-13,2936218
2020-12-14,2204692
2020-12-15,1550705
2020-12-16,2716217
2020-12-17,1665737
2020-12-18,2696363
2020-12-19,2635027
2020-12-20,2176165
2020-12-21,1487043
2020-12-22,617513
2020-12-23,2506935
2020-12-24,3103885
2020-12-25,1777336
2020-12-26,3581933
2020-12-27,2055478
2020-12-28,711165
2020-12-29,2090233
2020-12-30,4140447
2020-12-31,412853
2021-01-01,4130040
2021-01-02,3178755
2021-01-03,2834573
2021-01-04,1735342
2021-01-05,3198504
2021-01-06,5281399
2021-01-08,1897615
2021-02-04,88505
2021-02-08,65911
2021-02-13,76924
2021-02-16,44586
2021-02-17,30461
2021-02-18,37001
2021-02-22,33228
2021-02-24,20174
2021-02-25,11321
2021-02-26,11179
2021-03-01,17754
2021-03-02,13531
2021-03-04,23749
2021-03-05,44697
2021-03-09,26882
2021-03-10,34809
2021-03-15,18000
2021-03-16,10223
2021-03-17,6636
2021-03-20,16362
2021-03-21,30163
2021-03-22,14583
2021-03-26,29028
2021-03-29,23846
2021-03-31,12642
2021-04-03,49234
2021-04-04,34870
2021-04-05,12525
2021-04-06,27251
2021-04-07,13244
2021-04-08,30500
2021-04-09,7789
2021-04-12,14058
2021-04-13,15739
2021-04-14,7515
2021-04-16,5011
2021-04-18,10105
2021-04-20,7169
2021-04-23,33664
2021-04-24,21382
2021-04-26,23614
2021-04-27,33302
2021-04-28,17326
2021-04-30,12830
2021-05-01,22687
2021-05-02,10477
2021-05-03,44510
2021-05-04,6533
2021-05-05,33726
2021-05-06,17441
2021-05-07,26520
2021-05-09,22902
2021-05-10,22322
2021-05-11,49989
2021-05-12,51215
2021-05-13,14709
2021-05-14,16470
2021-05-15,40588
2021-05-16,10243
2021-05-18,4605
2021-05-19,23771
2021-05-20,6881
